"season","team","seed","games","ppg","fgm","fga","fgm3","fga3","ftm","fta","or","dr","ast","to","stl","blk","pf","wins","points_allowed","rpg","fg_percent","ft_percent","fg3_percent","total_possessions","total_points","ppp","total_points_allowed","dppp","efg","ts","win_percent","possessions_per_game","opp_team","opp_seed","opp_games","opp_ppg","opp_fgm","opp_fga","opp_fgm3","opp_fga3","opp_ftm","opp_fta","opp_or","opp_dr","opp_ast","opp_to","opp_stl","opp_blk","opp_pf","opp_wins","opp_points_allowed","opp_rpg","opp_fg_percent","opp_ft_percent","opp_fg3_percent","opp_total_possessions","opp_total_points","opp_ppp","opp_total_points_allowed","opp_dppp","opp_efg","opp_ts","opp_win_percent","opp_possessions_per_game","won"
2003,"Arizona",1,28,85.2142857143,30.3214285714,65.7142857143,7.03571428571,20.0714285714,17.5357142857,25,15.1785714286,27.6428571429,17.6428571429,14.7857142857,8.46428571429,4.21428571429,17.75,25,70.25,42.8214285715,46.1413043477726,70.1428571428,35.0533807829467,2136.9999999992,2386.0000000004,1.11651848385648,1967,0.920449227889909,51.4945652173334,55.5400372439468,89.2857142857143,76.3214285714,"Notre Dame",5,31,80.0967741935,27.2258064516,60.6774193548,8.29032258065,21.7741935484,17.3548387097,22.8387096774,11.3870967742,26.8709677419,16.9032258065,12.7741935484,7.45161290323,5.64516129032,16.2258064516,22,71.1935483871,38.2580645161,44.8697501329154,75.988700565135,38.0740740740737,2235.51999999874,2482.9999999985,1.11070354995701,1993.4193548388,0.891702760359973,51.70122275387,56.6243409410212,70.9677419354839,72.113548387056,1
2003,"Kansas",2,30,81.3333333333,30.2333333333,62.3,4.8,14.1333333333,16.0666666667,24.1333333333,14.3,26.9,16.7333333333,14.9,10.1333333333,4.9,16.7,23,66.3666666667,41.2,48.5286249330658,66.5745856355892,33.9622641510235,2205.55999999956,2439.999999999,1.10629499990909,1991.000000001,0.902718583943034,52.3809523808989,55.7698988827619,76.6666666666667,73.518666666652,"Duke",3,30,81.9666666667,27.3666666667,60.3333333333,7.33333333333,20.6,19.9,28.0666666667,13.7666666667,23.1,13.8333333333,14.0333333333,8.5,5.13333333333,21.2666666667,24,70.4,36.8666666667,45.3591160221798,70.9026128265191,35.5987055016019,2188.47999999744,2459.000000001,1.12361090802926,2112,0.965053370376915,51.4364640884787,56.386667155893,80,72.949333333248,1
2003,"Kentucky",1,32,77.53125,28.46875,58.40625,5.90625,16.59375,14.6875,20.78125,12.875,24.15625,16.1875,14.0625,7.8125,5.09375,17.375,29,64.09375,37.03125,48.7426431246656,70.6766917293233,35.5932203389831,2199.6,2481,1.12793235133661,2051,0.932442262229496,53.7988228999465,57.3880458919319,90.625,68.7375,"Wisconsin",5,29,70.724137931,25.0344827586,53.8965517241,6.24137931034,17.3793103448,14.4137931034,19.4482758621,10.3103448276,22.5517241379,13.3103448276,10.5172413793,6.96551724138,2.8275862069,14.8275862069,22,58.6896551724,32.8620689655,46.4491362763859,74.1134751769385,35.9126984127276,1817.1599999986,2050.999999999,1.12868432058849,1878.0689655168,1.03351876858298,52.2392834292965,56.6211709622506,75.8620689655172,62.660689655124,1
2003,"Pittsburgh",2,30,74.6,26.8666666667,53.5,6.36666666667,17.7666666667,14.5,22.8,11.3,25.3666666667,17.7666666667,15.1,8.06666666667,4.1,17.9666666667,26,58.8333333333,36.6666666667,50.2180685358878,63.5964912280702,35.8348968104581,2019.96,2238,1.10794273153924,1647.3333333324,0.815527700218024,56.1682242991308,58.710571050809,86.6666666666667,67.332,"Marquette",3,28,78.3928571429,27.2142857143,56.25,5.78571428571,15.25,18.1785714286,23.6071428571,13.1071428571,24.0714285714,16.3214285714,13.5714285714,6,3.64285714286,18.6428571429,23,67.6785714286,37.1785714285,48.3809523809778,77.0045385781731,37.9391100702295,1878.83999999987,2195.0000000012,1.16827404143054,1895.0000000008,1.00860105171325,53.5238095238311,58.8206920208008,82.1428571428571,67.101428571424,0
2003,"Maryland",6,28,80.7857142857,29.4285714286,63.3571428571,6.75,16.9642857143,15.1785714286,21.5714285714,13.75,26.75,18.8928571429,14.1071428571,10.8928571429,6.60714285714,19,19,66.8571428571,40.5,46.4487034950032,70.3642384108217,39.789473684177,2049.75999999725,2261.9999999996,1.10354382952279,2072.5714285701,1.01112882902041,51.7756482526168,55.4476997294123,67.8571428571429,73.205714285616,"Michigan St",7,31,67.2258064516,23.0322580645,51.0967741935,4.90322580645,13.3870967742,16.2580645161,22.1290322581,10.6774193548,24.2580645161,13.6129032258,14.5483870968,6.38709677419,3.70967741935,20.0322580645,19,60.9677419355,34.9354838709,45.0757575757687,73.469387754853,36.6265060240667,2005.84000000098,2083.9999999996,1.03896621864086,1890.0000000005,0.94224863398854,49.8737373737515,55.2538921647839,61.2903225806452,64.704516129064,0
2003,"Oklahoma",1,30,71.1666666667,25.2666666667,56.5333333333,7.46666666667,18.9666666667,13.1666666667,18.6,12.1333333333,24.9666666667,14.1666666667,11.8,6.93333333333,3.76666666667,18.6,24,60.1666666667,37.1,44.6933962265004,70.788530466129,39.3673110720046,1931.52,2135.000000001,1.10534708416221,1805.000000001,0.934497183565793,51.2971698114129,54.9826939717875,80,64.384,"Butler",12,29,68.5862068966,24.0689655172,50.6551724138,8.48275862069,21.8620689655,11.9655172414,16.5517241379,7.8275862069,20.3793103448,12.9655172414,10.4137931034,6.34482758621,1.86206896552,16.0689655172,24,60.9310344828,28.2068965517,47.5153165417771,72.2916666669272,38.8012618296852,1755.1999999983,1989.0000000014,1.13320419325622,1827.931034484,1.04143746267421,55.8883594280935,59.1893822164514,82.7586206896552,60.524137930976,1
2003,"Syracuse",3,29,80.1034482759,29.2413793103,62.2068965517,5.24137931034,15.8620689655,16.3793103448,23.6206896552,14.3103448276,26.8965517241,14.9655172414,13.6206896552,8.31034482759,7.27586206897,16.5862068966,24,69.8965517241,41.2068965517,47.0066518846468,69.3430656932329,33.043478260875,2085.40000000005,2323.0000000011,1.11393497650381,2026.9999999989,0.971995780185503,51.2195121950659,55.1676641018686,82.7586206896552,71.910344827588,"Auburn",10,30,70.1,25.7,54.7,5.63333333333,16.3333333333,13.0666666667,19.7333333333,11.9333333333,22.5666666667,13.4,15.9,8.03333333333,4.96666666667,16.3666666667,19,65.5666666667,34.5,46.9835466179159,66.216216216497,34.4897959184173,2020.48000000056,2103,1.04084178017076,1901.4333333343,0.9410800073912,52.132845825713,55.2990302290975,63.3333333333333,67.349333333352,1
2003,"Texas",1,28,78.8571428571,28,62.4285714286,5.85714285714,16.7857142857,17,23.7857142857,16.1785714286,26.1428571429,14.5,13.4285714286,6.39285714286,3.85714285714,20.3571428571,22,68.6785714286,42.3214285715,44.8512585812152,71.4714714715144,34.8936170212893,1964.04000000062,2207.9999999988,1.12421335614249,1923.0000000008,0.979104295228299,49.5423340960849,54.0900717280927,78.5714285714286,70.144285714308,"Connecticut",5,30,80.0333333333,29.5333333333,62.2,6.06666666667,15.7,14.9,22.1,14.7666666667,27.9,15.6333333333,15.8,5.93333333333,7.73333333333,18.4,21,71.4,42.6666666667,47.4812433011254,67.420814479638,38.6411889596815,2188.719999999,2400.999999999,1.09698819401298,1999.2,0.913410577872416,52.35798499459,55.637432104235,70,72.9573333333,1
2004,"Syracuse",5,28,72.9285714286,27.6785714286,59.75,4.32142857143,13.8571428571,13.25,20.8214285714,13.9285714286,24.7142857143,15.3571428571,12.7857142857,7.89285714286,6.85714285714,17.6428571429,21,66.8214285714,38.6428571429,46.323968918159,63.636363636451,31.185567010416,1897.51999999845,2042.0000000008,1.07614148994607,1937.8214285706,1.02123900068099,49.9402271369289,52.9147145404342,75,67.768571428516,"Alabama",8,29,72.2068965517,24.8965517241,55,7.13793103448,18.6206896552,15.275862069,21.8620689655,11.3103448276,24,11.8620689655,13.275862069,6.44827586207,3.10344827586,18.3448275862,17,67.4482758621,35.3103448276,45.2664576801818,69.8738170349131,38.3333333332617,1930.96000000038,2093.9999999993,1.08443468533729,1956.0000000009,1.01296764303793,51.7554858933455,55.8709897756501,58.6206896551724,66.58482758622,0
2004,"Connecticut",2,33,79.0909090909,30.1212121212,62.6363636364,6.39393939394,15.9696969697,12.4545454545,20.2121212121,15.303030303,29.4848484848,18.2424242424,13.7878787879,6.15151515152,8.72727272727,16.0606060606,27,63.9393939394,44.7878787878,48.0890179002914,61.6191904046374,40.0379506641328,2310.48000000259,2609.9999999997,1.12963540043488,2110.0000000002,0.913230151309612,53.1930333816629,55.2853656883073,81.8181818181818,70.014545454624,"Vanderbilt",6,30,73.8333333333,25.7333333333,57.3666666667,7.8,21.6,14.5666666667,20.4333333333,11.4333333333,24.2,16.6333333333,12.7666666667,7.56666666667,3.5,17.8,21,64.7333333333,35.6333333333,44.8576409063656,71.2887438828243,36.1111111111111,2030.72000000256,2214.999999999,1.09074613929848,2136.1999999989,1.05194216829312,51.6560139452925,55.6331377591619,70,67.690666666752,1
2004,"Oklahoma St",2,29,78.2068965517,28.8965517241,56.3448275862,4.8275862069,12.7586206897,15.5862068966,22.4137931034,11.3793103448,24.1724137931,16.0689655172,13.4482758621,7.86206896552,3.58620689655,19.4137931034,26,63.8965517241,35.5517241379,51.2851897184212,69.5384615388267,37.8378378377319,1980.00000000088,2267.9999999993,1.14545454545368,1852.9999999989,0.935858585857613,55.569155446699,59.0625000000069,89.6551724137931,68.275862068996,"Pittsburgh",3,30,65.4,23.0333333333,52.2666666667,6.46666666667,17.9666666667,12.8666666667,18.7333333333,11.5666666667,21.4666666667,15.1,14.1,5.63333333333,1.6,16.2666666667,11,67.9333333333,33.0333333334,44.0688775509285,68.6832740216525,35.9925788496735,1891.27999999956,1962,1.03739266528513,1970.0666666657,1.04165785429241,50.2551020407237,54.0412498347196,36.6666666666667,63.042666666652,1
2004,"St Joseph's PA",1,28,77.7857142857,27.1785714286,56.7857142857,9.75,23.9642857143,13.6785714286,19.4642857143,9.67857142857,23.25,16.5357142857,11.7142857143,9.14285714286,3.57142857143,17.0357142857,27,61.5,32.92857142857,47.8616352201881,70.2752293578934,40.6855439642082,1886.80000000022,2177.9999999996,1.15433538265813,1722,0.912656349374498,56.4465408805677,59.5147010602215,96.4285714285714,67.385714285722,"Wake Forest",4,28,83.8214285714,28.5,60.4285714286,7.64285714286,19.9642857143,19.1785714286,26.8928571429,14.0357142857,23.5,15.75,15.0357142857,9.25,3.25,20.8214285714,19,75.6428571429,37.5357142857,47.1631205673536,71.3147410358492,38.2826475849601,2051.32000000133,2346.9999999992,1.1441413333842,2118.0000000012,1.03250589864079,53.4869976359109,57.9987347527247,67.8571428571429,73.261428571476,1
2004,"Duke",1,32,79.75,27.5625,58.46875,7.1875,19.53125,17.4375,23.84375,13.40625,22.84375,14.25,14.1875,9.34375,6.8125,18.71875,27,64.96875,36.25,47.1405665419562,73.132372214941,36.8,2231.72,2552,1.14351262703206,2079,0.931568476332156,53.2870122928915,57.8233758700696,84.375,69.74125,"Illinois",5,30,72.5333333333,26.6333333333,57.3333333333,6.9,20.2,12.3666666667,17.7666666667,12.0333333333,22.9333333333,16.7666666667,12.5666666667,6.83333333333,3.8,19.1,24,62.8,34.9666666666,46.4534883720619,69.6060037524022,34.1584158415842,1970.52000000144,2175.999999999,1.10427704362169,2009.6,1.01983232852168,52.4709302325305,55.6658412295506,80,65.684000000048,1
2004,"Georgia Tech",3,32,78.0625,27.4375,58.375,7.25,19.375,15.9375,23,11.375,26.09375,15.78125,15.46875,8.84375,4.84375,21.21875,23,67.28125,37.46875,47.0021413276231,69.2934782608696,37.4193548387097,2322.84,2498,1.07540769058566,2153,0.926882609219748,53.2119914346895,56.9840864296664,71.875,72.58875,"Nevada",10,30,75.5,26.7666666667,58.7666666667,4.86666666667,14.3,17.1,23.9333333333,13.4,25.4666666667,14.2333333333,13,6.5,4.7,18.3,22,66.1666666667,38.8666666667,45.5473624503996,71.4484679666733,34.0326340326573,2066.92000000056,2265,1.09583341396831,2117.3333333344,1.02439055857693,49.6880317640699,54.4754006888045,73.3333333333333,68.897333333352,1
2004,"Kansas",4,28,74.8571428571,26.9285714286,58.1428571429,5.75,17.1785714286,15.25,21.5714285714,12.0714285714,26.5,17.25,14.4285714286,6.89285714286,4.92857142857,20.4642857143,20,68.1785714286,38.5714285714,46.3144963145113,70.6953642385042,33.4719334718778,1959.76000000245,2095.9999999988,1.06951871657559,1909.0000000008,0.974098869248487,51.2592137592251,55.3396417708121,71.4285714285714,69.991428571516,"UAB",9,29,74.5517241379,27.5517241379,62.1724137931,6.48275862069,19.6206896552,12.9655172414,19.8275862069,12.3448275862,22.6896551724,17.5862068966,13.6206896552,11.7586206897,3.72413793103,20.9310344828,20,67,35.0344827586,44.3150305046669,65.3913043479191,33.0404217925739,2093.00000000094,2161.9999999991,1.03296703296614,1876,0.896321070233709,49.5285635052221,52.5778210116527,68.9655172413793,72.172413793136,1
2004,"Texas",3,30,77.1333333333,27.6,62.6333333333,6.8,18.8666666667,15.1333333333,22.4,16.3,25.1,13.8333333333,11.8666666667,6.96666666667,3.9,19.4333333333,23,66.4,41.4,44.0659925492518,67.559523809375,36.0424028267914,2041.68,2313.999999999,1.13338035343394,2191.2,1.07323380745269,49.494411921261,53.2032299004926,76.6666666666667,68.056,"Xavier",7,33,70.4242424242,24.5454545455,55.6363636364,7.60606060606,20.5757575758,13.7272727273,20.2121212121,11.7878787879,23.696969697,13.4848484848,12.5454545455,7.0303030303,2.24242424242,16.6363636364,23,62.3636363636,35.4848484849,44.1176470588764,67.9160419792167,36.9661266567691,2154.48000000169,2323.9999999986,1.0786825591311,2057.9999999988,0.955218892724548,50.9531590414422,54.5673122076194,69.6969696969697,65.287272727324,0
2005,"Oklahoma St",2,29,78.1034482759,27.724137931,55.8620689655,7.06896551724,17.2068965517,15.5862068966,20.1724137931,11.3793103448,22.8275862069,16.6206896552,13.8620689655,6.96551724138,2.68965517241,18.5517241379,23,65.8620689655,34.2068965517,49.6296296295832,77.2649572652098,41.0821643287069,1949.39999999976,2265.0000000011,1.16189596799086,2173.4482758615,1.11493191539026,55.9567901234111,60.3227868329007,79.3103448275862,67.220689655164,"Arizona",3,33,79.6666666667,29.1212121212,61.8484848485,6.84848484848,17.0303030303,14.5757575758,18.7272727273,13.7272727273,23.2727272727,16.5757575758,14.8484848485,8.24242424242,3.57575757576,16.4545454545,27,69.5454545455,37,47.0847623713554,77.8317152104692,40.2135231316513,2349.9200000005,2629.0000000011,1.11876148975307,2295.0000000015,0.976628991625679,52.6212640861958,56.8329211559432,81.8181818181818,71.209696969712,0
2005,"Illinois",1,33,77.4242424242,28.1515151515,57.6060606061,8.69696969697,21.7878787879,12.4242424242,17.1515151515,10.9696969697,23.3939393939,18.5757575758,11.1212121212,7.63636363636,3.42424242424,15.5151515152,32,60.1212121212,34.3636363636,48.869016307147,72.4381625439863,39.9165507649139,2155.04000000058,2554.9999999986,1.18559284282329,1983.9999999996,0.920632563664278,56.4176749078786,59.4174992092546,96.969696969697,65.30424242426,"WI Milwaukee",12,27,73.8888888889,25.5925925926,58.1481481481,7.74074074074,22.3703703704,14.962962963,21.3703703704,13.3333333333,23.2962962963,13.5185185185,13.6666666667,8.2962962963,3.51851851852,19.4444444444,22,64.0740740741,36.6296296296,44.0127388535524,70.0173310226066,34.6026490065734,1832.88000000085,1995.0000000003,1.08845096241946,2114.4444444453,1.15361859174868,50.6687898089713,54.6910980985958,81.4814814814815,67.884444444476,1
2005,"Washington",1,31,86.2258064516,31.5161290323,65.0967741935,7.45161290323,19.0967741935,15.7419354839,21.4838709677,15.064516129,22.4516129032,19.3548387097,14.6129032258,8.35483870968,2.61290322581,20.6774193548,26,73.4193548387,37.5161290322,48.4142715560964,73.2732732735514,39.0202702703911,2297.03999999873,2672.9999999996,1.16367150767992,2275.9999999997,0.990840385888343,54.1377601586807,57.8311063417768,83.8709677419355,74.098064516088,"Louisville",4,31,80.5483870968,26.5483870968,57.1290322581,9.64516129032,23.9032258065,17.8064516129,24.4516129032,12.7096774194,26.4193548387,15.935483871,14.3870967742,9.06451612903,3.93548387097,18.5806451613,27,62.6451612903,39.1290322581,46.4709203839802,72.8232189974251,40.35087719289,2156.51999999955,2497.0000000008,1.15788399829416,1941.9999999993,0.900524919778025,54.9124788255311,59.3246916161384,87.0967741935484,69.565161290308,0
2005,"Texas Tech",6,30,77.5333333333,28.2333333333,59.6666666667,4.56666666667,11.3666666667,16.5,21.6,11.3666666667,23.5,16.8333333333,12.8666666667,7.76666666667,3.96666666667,17.0333333333,20,69.5666666667,34.8666666667,47.3184357541076,76.3888888888889,40.1759530790904,2120.120000001,2325.999999999,1.0971077108833,2156.5666666677,1.01719085083235,51.1452513965664,56.0449516172048,66.6666666666667,70.6706666667,"West Virginia",7,31,70.2258064516,24.4838709677,55.3548387097,8.93548387097,25.6451612903,12.3225806452,16.6774193548,9.90322580645,20.7741935484,16.1935483871,11.3870967742,8.16129032258,3.74193548387,14.6451612903,21,65.7096774194,30.67741935485,44.2307692306754,73.8878143137498,34.842767295637,1989.48000000042,2176.9999999996,1.09425578543094,2037.0000000014,1.02388563845878,52.3018648017698,56.0077798587947,67.741935483871,64.176774193562,0
2005,"Kentucky",2,30,73.7333333333,26.5,57.7333333333,6.53333333333,19.3333333333,14.2,21.4,12.7,22.9,15.2666666667,13.0333333333,9.4,4.43333333333,16.8,25,61.9,35.6,45.9006928406732,66.3551401869159,33.7931034483169,2024.479999998,2211.999999999,1.09262625464375,1857,0.917272583577923,51.5588914549922,54.9025058575935,83.3333333333333,67.4826666666,"Utah",6,30,67.3666666667,23.7,46.6,4.33333333333,11.7666666667,15.6333333333,21.3666666667,10.6333333333,23.3333333333,14.4333333333,14.4333333333,5.93333333333,2.83333333333,14.4666666667,25,56.9333333333,33.9666666666,50.8583690987124,73.1669266767969,36.8271954672894,1794.04000000044,2021.000000001,1.12650777017263,1707.999999999,0.952041203093901,55.5078683834013,60.1473774434082,83.3333333333333,59.801333333348,1
2005,"Duke",1,30,79.7666666667,26.5333333333,59.1666666667,8.96666666667,23.3,17.7333333333,24.9,13.5,24.9333333333,13.2,13.6,8.76666666667,6.86666666667,18.4333333333,25,65.8,38.4333333333,44.8450704224536,71.2182061578313,38.4835479256223,2106.680000001,2393.000000001,1.13591053221176,1842.4,0.874551426889288,52.4225352111846,56.8765211438969,83.3333333333333,70.2226666667,"Michigan St",5,28,78.0714285714,27.7142857143,55.8928571429,6.85714285714,19.0357142857,15.7857142857,20.3571428571,11.8571428571,24.1785714286,17.8571428571,13.8571428571,7.71428571429,2.67857142857,19.2857142857,22,63.3571428571,36.0357142857,49.5846645367288,77.5438596492159,36.0225140713066,1871.80000000067,2185.9999999992,1.16785981408185,1773.9999999988,0.947750828078942,55.7188498402359,60.1938539486285,78.5714285714286,66.850000000024,0
2005,"North Carolina",1,31,88.7741935484,30.4516129032,61.3548387097,7.38709677419,18.4516129032,20.4838709677,27.8709677419,13.7741935484,26.5483870968,19.3225806452,16.6774193548,10.3870967742,3.83870967742,18.1290322581,27,70.2580645161,40.3225806452,49.6319663511489,73.4953703703135,40.0349650350018,2372.15999999862,2752.0000000004,1.16012410630059,2177.9999999991,0.918150546337671,55.6519453206496,60.2937567918143,87.0967741935484,76.521290322536,"Villanova",5,29,73.7586206897,25.4827586207,57.5172413793,7.10344827586,19.2413793103,15.6896551724,21.1724137931,14.275862069,22.5862068966,12.3793103448,12.6206896552,8.24137931034,5.68965517241,18.4137931034,22,62.6551724138,36.8620689656,44.304556354942,74.1042345276342,36.9175627240896,1890.15999999946,2139.0000000013,1.13165023066932,1942.3103448278,1.02759043934289,50.4796163069797,55.1812027903186,75.8620689655172,65.177931034464,1
2005,"Wisconsin",6,30,67.1666666667,23.2,53.0666666667,7.23333333333,18.7666666667,13.5333333333,20.2666666667,10.5,24.5666666667,13.0666666667,11.4666666667,5.46666666667,1.96666666667,15.3333333333,22,59.6333333333,35.0666666667,43.7185929647967,66.7763157891994,38.5435168738037,1888.52000000244,2015.000000001,1.06697307944761,1788.999999999,0.947302649692187,50.5339195979551,54.1806487695599,73.3333333333333,62.950666666748,"NC State",10,32,73.84375,25.1875,54.875,8.46875,22.9375,15,21.5625,11.09375,21.4375,15.3125,12.28125,7.0625,4.34375,18.84375,19,66.375,32.53125,45.8997722095672,69.5652173913043,36.9209809264305,2097.6,2363,1.12652555301297,1991.25,0.949299199084668,53.6161731207289,57.365507865605,59.375,65.55,1
2006,"Duke",1,33,82.5151515152,27.7575757576,56.1515151515,7.81818181818,19.7575757576,19.1818181818,25.2121212121,9.54545454545,23.3636363636,15.3636363636,13.3939393939,9.54545454545,5.42424242424,17.4848484848,30,68.9696969697,32.90909090905,49.4333513222368,76.0817307692227,39.5705521471815,2346.07999999804,2723.0000000016,1.16065948305423,2069.090909091,0.881935359873801,56.3950350783083,61.3542549165102,90.9090909090909,71.093333333274,"LSU",4,30,74.7666666667,27.7,58.2666666667,4.33333333333,12.8333333333,15.0333333333,21.5,13.9,26.3333333333,15.7333333333,15.5666666667,8.46666666667,6.26666666667,15.6666666667,22,65.2333333333,40.2333333333,47.5400457665632,69.92248062,33.7662337662955,2081.800000002,2243.000000001,1.07743299068059,1956.999999999,0.940051878180959,51.2585812356658,55.1973619450708,73.3333333333333,69.3933333334,0
2006,"Memphis",1,33,80.9090909091,28.0606060606,62.6666666667,7.60606060606,21.6060606061,17.1818181818,25.0909090909,15.8181818182,26.2424242424,15.7272727273,15.8181818182,9.78787878788,6.75757575758,20.2121212121,30,65.8787878788,42.0606060606,44.7775628626358,68.4782608695176,35.203366058839,2432.32000000097,2670.0000000003,1.09771740560421,2174.0000000004,0.893796868832857,50.8462282398081,54.8858702802106,90.9090909090909,73.706666666696,"Bradley",13,30,71.5333333333,26.1,58.7333333333,5.56666666667,16.9333333333,13.7666666667,19.1666666667,12.6,25.1,16.5333333333,15.2,9.2,4.83333333333,18.7333333333,20,64.3,37.7,44.4381384790264,71.8260869565707,32.8740157481159,2092.99999999944,2145.999999999,1.02532250358317,2121.9,1.01380793119951,49.1770715096789,53.2506203473845,66.6666666666667,69.766666666648,1
2006,"Texas",2,33,76.1212121212,26.9696969697,57.696969697,7.42424242424,19.5454545455,14.7575757576,20.4545454545,14.0606060606,26.1818181818,14.9090909091,13.696969697,8.15151515152,5.12121212121,15.303030303,27,60.0909090909,40.2424242424,46.7436974789723,72.148148148427,37.9844961239303,2189.00000000154,2511.9999999996,1.14755596162532,1982.9999999997,0.905893101872227,53.1775210083786,57.0649704679512,81.8181818181818,66.33333333338,"West Virginia",6,29,70.6551724138,25.5172413793,57.3103448276,10.0344827586,29.3103448276,9.58620689655,12.8620689655,7.8275862069,19.724137931,17.5862068966,8.34482758621,7.89655172414,2.68965517241,13,19,65.0344827586,27.5517241379,44.5246690733768,74.5308310992822,34.2352941175604,1841.12000000017,2049.0000000002,1.11290953332755,2146.1379310338,1.16566977222213,53.2791817087357,56.1025562394585,65.5172413793103,63.48689655173,1
2006,"UCLA",2,33,68.5757575758,24.3939393939,50.7575757576,6.27272727273,17.5757575758,13.5151515152,19.2121212121,10.8787878788,22.0909090909,14.0606060606,14.5454545455,5.63636363636,2.75757575758,16.1515151515,27,59.1212121212,32.9696969697,48.0597014924367,70.3470031549042,35.6896551723432,2074.96000000159,2263.0000000014,1.09062343370458,1950.9999999996,0.940259089330928,54.2388059700484,57.9080431534123,81.8181818181818,62.877575757624,"Gonzaga",3,30,80.1,27.3,57.2333333333,5.7,15.5666666667,19.8,25.3,12.6,25,14.0333333333,13.3333333333,7.26666666667,2.8,18.8,27,72.4666666667,37.6,47.6994758299637,78.2608695652174,36.616702355382,2072.959999998,2403,1.15921194813326,2391.4000000011,1.15361608521313,52.6790914385863,58.5823224246492,90,69.0986666666,1
2006,"Connecticut",1,30,81.3333333333,29.0666666667,62.1,5.3,14.8,17.9,25.5,16.3,28.6666666667,15.9333333333,14.2,6.63333333333,9.33333333333,15.4,27,65.4333333333,44.9666666667,46.8062265164251,70.1960784313725,35.8108108108108,2136.6,2439.999999999,1.14200131049284,1962.999999999,0.918749414957877,51.073537305475,55.4646299326923,90,71.22,"Washington",5,30,82.4,30.1,63.4333333333,6.56666666667,18,15.6333333333,20.9,14.8333333333,23.0333333333,16.5333333333,15.0333333333,7.93333333333,3.5,18.9333333333,24,69.4333333333,37.8666666666,47.4513925381227,74.8006379583732,36.4814814815,2184.879999999,2472,1.13141225147428,2082.999999999,0.953370436820307,52.6274303731254,56.7263915406341,80,72.8293333333,1
2006,"Florida",3,33,79.2727272727,27.6363636364,54.3939393939,7.39393939394,18.7575757576,16.6060606061,22.6060606061,10.6060606061,24.6363636364,17.0303030303,14.8787878788,8.0303030303,4.93939393939,16.1212121212,27,64.7878787879,35.2424242425,50.8077994430006,73.4584450402607,39.4184168012447,2264.23999999837,2615.9999999991,1.15535455605456,2138.0000000007,0.944246192984064,57.6044568246217,61.6039637535087,81.8181818181818,68.613333333284,"Georgetown",7,30,66.6666666667,23.9666666667,50.8,6.9,19.1333333333,11.8333333333,16.8,10.7,21.9,15.5333333333,11.7333333333,6.03333333333,3.53333333333,14.9333333333,21,59.5333333333,32.6,47.1784776903543,70.4365079363095,36.0627177700977,1776.759999999,2000.000000001,1.12564443143819,1964.5999999989,1.10572052500057,53.9698162730315,57.2816423792789,70,59.2253333333,1
2006,"Wichita St",7,31,68.3225806452,23.7741935484,53.8709677419,6.74193548387,18.1935483871,14.0322580645,19.3225806452,11.8387096774,25.0322580645,14.9677419355,12.9032258065,5.29032258065,1.83870967742,15.4516129032,23,61.5483870968,36.8709677419,44.1317365269991,72.6210350582018,37.0567375886406,1966.56000000153,2118.0000000012,1.07700756651186,1846.451612904,0.93892462620137,50.3892215569425,54.7694408242265,74.1935483870968,63.437419354888,"George Mason",11,30,69.4,25.7333333333,53.2,5.93333333333,16.8666666667,12,17.9666666667,10.1,24.8,15.1666666667,13.2,7.3,3.53333333333,15.4,23,58.8333333333,34.9,48.3709273182331,66.7903525045143,35.1778656125589,1926.16000000044,2082,1.08090708975346,1764.999999999,0.916330938239086,53.9473684209868,56.7871871522262,76.6666666666667,64.205333333348,0
2006,"Villanova",1,29,75.4137931034,25.0344827586,58.7931034483,9.10344827586,23.5517241379,16.2413793103,21.6206896552,13.4827586207,22.7586206897,12.6206896552,11.275862069,7.58620689655,5.03448275862,18.3793103448,25,63.7931034483,36.2413793104,42.5806451612376,75.1196172245772,38.653001464171,1916.88000000175,2186.9999999986,1.14091648929333,1850.0000000007,0.965109970367999,50.3225806451037,55.2027381769072,86.2068965517241,66.099310344888,"Boston College",4,32,74.53125,26.375,53.90625,6,16.09375,15.78125,23.5,13.03125,22.15625,17.8125,13.3125,5.9375,4.28125,16.5,25,66.875,35.1875,48.9275362318841,67.1542553191489,37.2815533980583,2064.88,2385,1.15503080082136,1939.375,0.939219228236023,54.4927536231884,58.0043582310252,78.125,64.5275,1
2007,"Kansas",1,34,78.4411764706,29.0588235294,59.2941176471,5.97058823529,15.6470588235,14.3529411765,21.5294117647,13.0588235294,27.3235294118,16.7647058824,14,8.91176470588,6.67647058824,18.6470588235,30,61.0294117647,40.3823529412,49.0079365078826,66.6666666668215,38.1578947368875,2370.08000000171,2667.0000000004,1.12527847161213,2074.9999999998,0.875497873488786,54.0426587300979,57.033976596158,88.2352941176471,69.708235294168,"S Illinois",4,32,63.28125,21.21875,46.75,6.21875,16.84375,14.625,21.125,9.375,20.09375,11.59375,13.96875,6.375,3.28125,20.375,26,57.34375,29.46875,45.3877005347594,69.2307692307692,36.9202226345083,1940.44,2025,1.04357774525365,1949.6875,1.00476567170333,52.0387700534759,56.4557498438755,81.25,60.63875,1
2007,"Memphis",2,33,79.5757575758,28.0909090909,60.8787878788,7.66666666667,21.8181818182,15.7272727273,25.7878787879,14.7878787879,25.1212121212,15.0606060606,13.5757575758,9.81818181818,5.90909090909,19.7575757576,30,62.3333333333,39.9090909091,46.1423593827534,60.9870740306079,35.1388888888749,2343.44000000141,2626.0000000014,1.1205748813709,2056.9999999989,0.877769432969337,52.4390243902213,55.0884435941459,90.9090909090909,71.013333333376,"Texas A&M",3,31,76.3225806452,27,53.935483871,6.51612903226,15.4516129032,15.8064516129,21.8387096774,10.1935483871,25.5483870968,18,12.5161290323,6.77419354839,3.38709677419,19.5161290323,25,59.1935483871,35.7419354839,50.0598086124103,72.3781388479076,42.1711899792061,2041.88000000194,2366.0000000012,1.15873606676149,1953.3870967743,0.956661065671072,56.1004784688678,60.0544195585598,80.6451612903226,65.867096774256,1
2007,"Ohio St",1,33,73.6363636364,26.2727272727,55.696969697,7.45454545455,20.5151515152,13.6363636364,19.6060606061,11.1818181818,24.5151515152,15.5757575758,11.7575757576,6.81818181818,5.93939393939,13.5757575758,30,60.1515151515,35.696969697,47.1708378671724,69.5517774343579,36.33677991131,2141.68000000297,2430.0000000012,1.13462328639098,1984.9999999995,0.926842478800169,53.8628944504155,57.2389620668071,90.9090909090909,64.899393939484,"Tennessee",5,32,79.65625,27.6875,62.5,8.9375,25.375,15.34375,23.46875,13.59375,21.96875,15.46875,14.59375,9.8125,3.21875,19.8125,22,74.4375,35.5625,44.3,65.3794940079894,35.2216748768473,2362.44,2549,1.07896920133421,2456.4375,1.03978831208412,51.45,54.6892432330375,68.75,73.82625,1
2007,"UCLA",2,30,71.9666666667,26.7333333333,55.6333333333,6.8,18.5,11.7,18.0333333333,11.0666666667,21.8333333333,14.6,12.2,7.36666666667,3.3,16,25,60.5666666667,32.9,48.0527261833122,64.8798521258131,36.7567567567568,1941.03999999756,2159.000000001,1.11229031859401,1817.000000001,0.936096113425423,54.164170161746,56.6060491652674,83.3333333333333,64.701333333252,"Pittsburgh",3,34,71.1470588235,25.8823529412,54.9411764706,6.05882352941,16.1764705882,13.3235294118,20,12.2058823529,23.5588235294,17.4411764706,11.7058823529,5.32352941176,3.47058823529,16.4705882353,27,62.4411764706,35.7647058823,47.1092077088122,66.617647059,37.4545454546163,2150.2000000004,2418.999999999,1.12501162682474,1873.235294118,0.871191188781347,52.6231263383597,55.8093392395384,79.4117647058823,63.2411764706,1
2007,"Florida",1,34,79.3235294118,28.5588235294,54.2058823529,7.17647058824,17.5882352941,15.0294117647,22.0882352941,11.0882352941,26.0882352941,15.7647058824,14,7.08823529412,4.82352941176,15.6764705882,29,61.5588235294,37.1764705882,52.6858383071263,68.0426098535564,40.802675585352,2272.43999999894,2697.0000000012,1.18683001531502,2092.9999999996,0.921036419003617,59.3054801953614,62.0445008834673,85.2941176470588,66.836470588204,"Butler",5,31,68.2903225806,21.8064516129,49.9677419355,9,24.4516129032,15.6774193548,20.6451612903,9,20.935483871,12.2903225806,9.22580645161,5,1.87096774194,19.3225806452,25,56.935483871,29.935483871,43.6410587475585,75.9374999998956,36.8073878628357,1837.6000000001,2116.9999999986,1.15204614714763,1935.806451614,1.05344277950255,52.6468689476848,57.8225718343269,80.6451612903226,59.277419354842,1
2007,"Georgetown",2,32,68.46875,24.5,48.375,6.28125,17.15625,13.1875,18.375,10.75,22.53125,14.34375,13.75,5.21875,5.03125,16.5,26,56.875,33.28125,50.6459948320413,71.7687074829932,36.6120218579235,1902.72,2191,1.1515094180962,1820,0.95652539522368,57.1382428940568,60.6347414098477,81.25,59.46,"Vanderbilt",6,30,75.7333333333,26.4,58.1,9.16666666667,24.5333333333,13.7666666667,18.9,10.1333333333,23.1,16.6666666667,12.4666666667,7.36666666667,2.6,17,19,71.4666666667,33.2333333333,45.4388984509466,72.8395061730159,37.364130434847,2062.480000002,2271.999999999,1.10158643962453,2286.9333333344,1.10882691387659,53.3275960986833,57.0143740463894,63.3333333333333,68.7493333334,1
2007,"North Carolina",1,34,86.2647058824,31.4705882353,62.4117647059,5.76470588235,15.7941176471,17.5588235294,24.8235294118,13.4117647059,27.2941176471,18.6470588235,13.9411764706,8.38235294118,4.58823529412,17.2941176471,28,68.1176470588,40.705882353,50.4241281809565,70.7345971562501,36.4990689011898,2511.36000000093,2933.0000000016,1.16789309378206,2315.9999999992,0.922209480121665,55.0424128180876,58.8162158693545,82.3529411764706,73.863529411792,"USC",5,34,71.4117647059,25.5294117647,53.4705882353,5.64705882353,14,14.7058823529,20.7941176471,9.32352941176,24.6764705882,12.8235294118,14.7058823529,5.5,3.94117647059,17.8235294118,23,65.0294117647,33.99999999996,47.7447744774315,70.7213578497327,40.3361344537857,2312.07999999958,2428.0000000006,1.05013667347196,2210.9999999998,0.956281789557544,53.0253025302367,57.0199334923927,67.6470588235294,68.002352941164,1
2007,"Oregon",3,33,76.3939393939,26.2727272727,58.3333333333,9.48484848485,24.6363636364,14.3636363636,19.1212121212,12.2121212121,22.8484848485,14.2727272727,12.6060606061,7.12121212121,2.06060606061,16.0303030303,26,65.9393939394,35.0606060606,45.03896103894,75.1188589538987,38.4993849937993,2215.64000000072,2520.9999999987,1.13782022350105,2176.0000000002,0.982109006878143,53.1688311688161,57.2267824065703,78.7878787878788,67.140606060628,"UNLV",7,33,75.0303030303,26.6060606061,59.2727272727,7.66666666667,21.0909090909,14.1515151515,19.8787878788,12.0606060606,22.6060606061,14.8484848485,11.4242424242,8.15151515152,5.60606060606,17.9696969697,27,66.9090909091,34.6666666667,44.8875255624593,71.1890243901243,36.3505747126752,2223.63999999808,2475.9999999999,1.11348959364018,2208.0000000003,0.992966487382045,51.3548057260643,55.1536103785172,81.8181818181818,67.383030302972,1
2008,"Tennessee",2,32,82.40625,29.03125,63.53125,9.03125,24.8125,15.3125,23.40625,14.40625,23.65625,17.875,12.90625,9.15625,3.3125,20.75,28,70.875,38.0625,45.6960157402853,65.4205607476636,36.3979848866499,2314.56,2637,1.13930941518042,2268,0.979883865615927,52.803738317757,55.8081064607883,87.5,72.33,"Louisville",3,32,71.9375,25.5,56.25,7.53125,22,13.40625,20.46875,11.65625,26.0625,14.8125,13.25,8.09375,4.90625,18.1875,24,61.34375,37.71875,45.3333333333333,65.4961832061069,34.2329545454545,2139.2,2302,1.07610321615557,1963,0.917632759910247,52.0277777777778,55.1192414519682,75,66.85,0
2008,"North Carolina",1,34,88.7058823529,31.8529411765,66.0294117647,5.52941176471,14.6470588235,19.4705882353,25.8235294118,15.7058823529,28.5,16.7352941176,14.6764705882,8.32352941176,4.58823529412,16.9705882353,32,72.7352941176,44.2058823529,48.240534521207,75.3986332573229,37.7510040161682,2596.32000000053,3015.9999999986,1.16164417329065,2472.9999999984,0.952502002833972,52.4276169265557,57.3096392684703,94.1176470588235,76.362352941192,"Washington St",4,32,67.0625,23.25,48.625,6.375,16.71875,14.1875,19.34375,7.78125,21.4375,13.6875,10.34375,6.25,2.875,15.3125,24,57.0625,29.21875,47.8149100257069,73.3441033925687,38.1308411214953,1910.36,2146,1.12334847882075,1940.125,1.01558083293201,54.3701799485861,58.6864731234549,75,59.69875,1
2008,"UCLA",1,33,74.0303030303,26.5454545455,55.8181818182,5.30303030303,15.696969697,15.6363636364,21.2424242424,12.6060606061,23.4545454545,14.3939393939,12.303030303,7.45454545455,3.63636363636,14.3636363636,30,59.6363636364,36.0606060606,47.5570032573949,73.6091298148058,33.7837837837166,2140.43999999795,2442.9999999999,1.14135411410843,1968.0000000012,0.919437125078529,52.3072747014756,56.8023288257198,90.9090909090909,64.861818181756,"WKU",12,31,76.6129032258,27.3225806452,57.6774193548,7.22580645161,18.7096774194,14.7419354839,20.8709677419,12.3225806452,22.6129032258,12.5806451613,13.9677419355,7.64516129032,3.64516129032,21.0967741935,25,65.1290322581,34.935483871,47.3713646533428,70.6336939724385,38.6206896550637,2123.67999999762,2374.9999999998,1.11834174640363,2149.2580645173,1.01204421782929,53.6353467562527,57.2929733485567,80.6451612903226,68.505806451536,1
2008,"Xavier",3,33,75.3333333333,25.4545454545,53.303030303,7.75757575758,19.8181818182,16.6666666667,22.2121212121,11.2727272727,24.7878787879,15.5454545455,13.2727272727,5.57575757576,3.45454545455,17.3333333333,27,62.3333333333,36.0606060606,47.7544059123921,75.0341064122272,39.1437308868356,2147.51999999869,2485.9999999989,1.15761436447643,2056.9999999989,0.957849053792352,55.031267765726,59.7159767862058,81.8181818181818,65.076363636324,"West Virginia",7,33,74.696969697,26.3939393939,58.1515151515,7.27272727273,20.3333333333,14.6363636364,21.5454545455,11.9696969697,23.7575757576,15.4545454545,10.9393939394,7.18181818182,5.12121212121,19.1515151515,23,63.2727272727,35.7272727273,45.3882230327737,67.9324894515023,35.7675111774193,2197.84000000026,2465.000000001,1.12155570924212,2087.9999999991,0.950023659592533,51.6414799374155,55.2234927235112,69.6969696969697,66.60121212122,1
2008,"Wisconsin",3,33,67.3333333333,23.4848484848,52.1515151515,5.81818181818,16.2121212121,14.5454545455,20.5151515152,11.6060606061,24.303030303,12.7878787879,12.0909090909,6.30303030303,3.33333333333,14.3333333333,29,53.7575757576,35.9090909091,45.0319581637783,70.9010339734661,35.8878504673255,2034.8799999986,2221.9999999989,1.09195628243455,1666.4848484856,0.818959765925629,50.6101104008497,55.0305119669984,87.8787878787879,61.663030302988,"Davidson",10,31,77.3225806452,28.6451612903,60.7419354839,8.77419354839,24.3225806452,11.2580645161,15.4516129032,11.2258064516,24.8709677419,16.7741935484,12.1935483871,7.96774193548,3.29032258065,18.1612903226,25,63.1290322581,36.0967741935,47.1587891661644,72.8601252608941,36.0742705569837,2123.76000000105,2397.0000000012,1.12865860549215,1957.0000000011,0.921478886503246,54.3813064258553,57.2415176524667,80.6451612903226,68.508387096808,0
2008,"Kansas",1,33,81.1818181818,29.4545454545,58.3636363636,6.78787878788,17.0303030303,15.4848484848,21.8787878788,12.303030303,26.4242424242,18.4848484848,12.9090909091,9,6.12121212121,17.4242424242,30,61.6666666667,38.7272727272,50.4672897195797,70.7756232684372,39.8576512455658,2263.68000000028,2678.9999999994,1.18347116200129,2035.0000000011,0.898978654227122,56.2824506749323,59.7010268844181,90.9090909090909,68.596363636372,"Villanova",12,32,72.84375,24.84375,57.9375,7.0625,20.625,16.09375,22.25,13.46875,22.625,13.6875,14.21875,8.09375,2.90625,20.78125,20,69.3125,36.09375,42.8802588996764,72.3314606741573,34.2424242424242,2191.28,2331,1.06376181957577,2287.3125,1.04382484210142,48.975188781014,53.7770846406556,62.5,68.4775,1
2008,"Memphis",1,33,79,28.5151515152,61.1212121212,7.84848484848,22.303030303,14.1212121212,23.696969697,13.9090909091,26.3636363636,15.8181818182,12.2727272727,8.69696969697,5.93939393939,17.3333333333,32,60.303030303,40.2727272727,46.6534457115412,59.5907928387473,35.1902173913304,2307.07999999884,2607,1.12999982662123,1989.999999999,0.862562199837024,53.0738720873442,55.2077862673005,96.969696969697,69.91151515148,"Michigan St",5,33,71.303030303,26.3333333333,54.8787878788,4.9696969697,13.3333333333,13.6666666667,18.696969697,12.3939393939,24.8181818182,17.6363636364,13.6666666667,6.09090909091,4.36363636364,18.1818181818,25,62,37.2121212121,47.9845389286973,73.0956239870938,37.2727272728432,2124.48000000324,2352.999999999,1.10756514535106,2046,0.963059195660529,52.5124240750271,56.4951404094649,75.7575757575758,64.37818181828,1
2008,"Texas",2,33,74.8484848485,26.8484848485,59.7878787879,7.72727272727,20.4848484848,13.4242424242,19.4848484848,12.7272727273,24.8484848485,12.6666666667,9.24242424242,5.9696969697,5.0303030303,16.4545454545,27,64.9090909091,37.5757575758,44.9062341611853,68.8958009330797,37.7218934912002,2140.91999999896,2470.0000000005,1.15370962016409,2142.0000000003,1.00050445602888,51.368474404465,54.7448491081356,81.8181818181818,64.876363636332,"Stanford",3,33,70.6666666667,24.8484848485,55.3636363636,5.39393939394,15,15.5757575758,22.3939393939,13.1818181818,25.6666666667,14.2121212121,12.2727272727,4.36363636364,5.18181818182,17.1515151515,26,60.6060606061,38.8484848485,44.8823207444466,69.5534506092428,35.9595959596,2122.15999999793,2332.0000000011,1.09888038602338,2000.0000000013,0.942436008596549,49.7536945813414,54.1781280202917,78.7878787878788,64.307878787816,1
2009,"Connecticut",1,31,77.3225806452,27.3870967742,58.2580645161,4.74193548387,13.6774193548,17.8064516129,26.2903225806,14.2258064516,28.5161290323,15.3870967742,12.6774193548,5.8064516129,8,12.9032258065,27,63.9677419355,42.7419354839,47.0099667774431,67.7300613497973,34.6698113208458,2116.59999999768,2397.0000000012,1.13247661343845,1983.0000000005,0.93687990173045,51.0797342193048,55.3681973575459,87.0967741935484,68.277419354764,"Purdue",5,34,69.3529411765,24.8235294118,55.5882352941,6.70588235294,19.1176470588,13,18.5588235294,9.67647058824,24.5588235294,15.1176470588,11.6470588235,7.23529411765,4.82352941176,17.3529411765,25,59.1176470588,34.23529411764,44.6560846561623,70.0475435816609,35.0769230769601,2234.63999999806,2358.000000001,1.05520352271643,1832.6470588228,0.820108410672139,50.6878306879092,54.3909505268828,73.5294117647059,65.724705882296,1
2009,"Memphis",2,34,74.0588235294,26,58.6764705882,5.82352941176,18.2058823529,16.2352941176,23.3235294118,13.6176470588,25.8529411765,13.8235294118,12.4411764706,8.82352941176,6.17647058824,17.4705882353,31,56.8823529412,39.4705882353,44.3107769423825,69.6090794448379,31.9870759289641,2303.92000000053,2517.9999999996,1.09291989305142,1934.0000000008,0.839438869405343,49.2731829574191,53.7134373186867,91.1764705882353,67.762352941192,"Missouri",3,34,81.1176470588,29.4117647059,62.3529411765,7.05882352941,19.7352941176,15.2352941176,22.7941176471,13.0294117647,23.9411764706,18.2941176471,12.3529411765,10.5588235294,3.85294117647,19.8823529412,28,66.4705882353,36.9705882353,47.1698113207608,66.8387096770922,35.7675111774236,2438.00000000282,2757.9999999992,1.13125512715177,2260.0000000002,0.92698933551993,52.8301886792473,56.034132466424,82.3529411764706,71.705882353024,0
2009,"Pittsburgh",1,31,77.7096774194,29.2580645161,60.5806451613,6.1935483871,17.3548387097,13,19.3225806452,14.7741935484,24.7741935484,17.9032258065,12.0967741935,7.12903225806,3.8064516129,16.4516129032,27,64.1612903226,39.5483870968,48.296059637857,67.2787979965263,35.6877323419796,2058.55999999893,2409.0000000014,1.17023550443157,1989.0000000006,0.966209389088312,53.4078807241209,56.244046396096,87.0967741935484,66.405161290288,"Xavier",4,32,72.375,24.34375,52.5625,6.875,17.21875,16.8125,24.90625,12.0625,27.40625,13.46875,15,5.375,5.125,18.625,25,62.40625,39.46875,46.3139120095125,67.5031367628607,39.9274047186933,2126.68,2316,1.08902138544586,1934.59375,0.909677878195121,52.8537455410226,56.9691245055788,78.125,66.45875,1
2009,"Duke",2,33,77.9696969697,26.4848484848,59.1818181818,7.36363636364,21.0303030303,17.6363636364,24.4545454545,13.303030303,23.0909090909,13.3939393939,12.0606060606,8.24242424242,4.09090909091,17.9393939394,27,66.1212121212,36.3939393939,44.7516641064346,72.1189591080894,35.0144092219244,2267.07999999954,2573.0000000001,1.13494009915866,2181.9999999996,0.962471549305734,50.9728622631216,55.7389691865426,81.8181818181818,68.69939393938,"Villanova",3,33,76.5454545455,25.9696969697,56.8787878788,6.60606060606,17.9696969697,18,24.2727272727,12.2121212121,25.2121212121,14.8484848485,13.3636363636,7.9696969697,3.21212121212,18.9696969697,26,67,37.4242424242,45.6579648375023,74.1573033708698,36.7622259696363,2267.4399999995,2526.0000000015,1.11403168330895,2211,0.975108492396925,51.4651038891787,56.6509975599589,78.7878787878788,68.710303030288,0
2009,"Louisville",1,33,73.9393939394,26.7878787879,59.4242424242,8.06060606061,22.3636363636,12.303030303,19.1212121212,12.5757575758,25.4242424242,16.5757575758,13.6666666667,9.27272727273,6.18181818182,17.1515151515,28,61.6060606061,38,45.0790413055243,64.342313787521,36.0433604336806,2274.63999999812,2440.0000000002,1.07269721802229,2033.0000000013,0.893767805016608,51.8612952575977,54.4973734053246,84.8484848484848,68.928484848428,"Arizona",12,32,72.1875,25.65625,54.0625,6.1875,15.65625,14.6875,20,11.09375,22.75,14.4375,12.59375,5.96875,3.0625,15.625,19,68.4375,33.84375,47.4566473988439,73.4375,39.5209580838323,2059.6,2310,1.12157700524374,2258.4375,1.09654180423383,53.1791907514451,57.4169815072579,59.375,64.3625,1
2009,"Michigan St",2,32,71.90625,25.375,55.78125,5.15625,14.625,16,23.3125,13.96875,24.9375,15.90625,14.03125,6.40625,2.84375,19.03125,26,62.90625,38.90625,45.4901960784314,68.6327077747989,35.2564102564103,2115.24,2301,1.08781982186419,2013,0.951665059284053,50.1120448179272,54.4424674906778,81.25,66.10125,"Kansas",3,32,77.125,27.0625,56.53125,6.46875,17.03125,16.53125,22.71875,12.09375,26.8125,16.21875,14.59375,6.84375,4.28125,19.28125,25,65.8125,38.90625,47.8717523493643,72.7647867950481,37.9816513761468,2208.88,2468,1.11730831914817,2106,0.953424359856579,53.5931453841902,57.9647514185863,78.125,69.0275,1
2009,"North Carolina",1,31,89.3870967742,31.3548387097,65.9677419355,6.8064516129,18.2580645161,19.8709677419,25.935483871,15.1935483871,27.3225806452,18.1935483871,13,8.29032258065,5.29032258065,15.8709677419,27,72.8709677419,42.5161290323,47.5305623472109,76.6169154226535,37.2791519435045,2330.76000000084,2771.0000000002,1.18888259623436,2258.9999999989,0.969211759253671,52.6894865525861,57.7590088212058,87.0967741935484,75.18580645164,"Gonzaga",4,30,78.8,28.5333333333,58.5,7.4,18.5666666667,14.3333333333,20.2333333333,10.3666666667,27.5,15,11.4333333333,7.5,5,16.1333333333,25,61.5666666667,37.8666666667,48.7749287748718,70.8401976935269,39.8563734290128,2054.07999999756,2364,1.15088019940937,1908.5666666677,0.929158877292982,55.0997150996581,58.4546605475677,83.3333333333333,68.469333333252,1
2009,"Oklahoma",2,32,79.1875,27.25,55.78125,6.90625,19.3125,17.78125,26.15625,12.125,27.0625,14.34375,13.71875,6.9375,4.46875,17.40625,27,67.8125,39.1875,48.8515406162465,67.9808841099164,35.7605177993527,2204.28,2534,1.14958172283013,2170,0.984448436677736,55.0420168067227,58.8404666369446,84.375,68.88375,"Syracuse",3,34,80.9705882353,29.3235294118,60.1470588235,6.85294117647,19.3823529412,15.4705882353,24.1764705882,12.7352941176,26.8235294118,18.1764705882,15.1764705882,7.64705882353,5.08823529412,15.6764705882,25,72.9117647059,39.5588235294,48.7530562348013,63.9902676400204,35.3566009104245,2489.67999999887,2753.0000000002,1.10576459625392,2333.1764705888,0.937139098434279,54.4498777506961,57.1949739891042,73.5294117647059,73.225882352908,1
2010,"Syracuse",1,32,81.46875,30.0625,58.28125,6.71875,17.4375,14.625,21.78125,12.125,26.03125,19.375,15.09375,10,6.5625,14.625,28,66.875,38.15625,51.5817694369973,67.1449067431851,38.5304659498208,2266.68,2607,1.15014029329239,2140,0.944112093458274,57.3458445040214,60.0226552714949,87.5,70.83375,"Butler",5,32,70.09375,22.71875,50.1875,6.75,19.75,17.90625,23.9375,9.25,23.59375,12.8125,12.40625,6.84375,2.46875,18.5,28,60.03125,32.84375,45.2677459526775,74.8041775456919,34.1772151898734,2044.04,2243,1.09733664703235,1921,0.939805483258645,51.9925280199253,57.718832345191,87.5,63.87625,0
2010,"Kansas St",2,32,79.46875,26.25,58.53125,6.71875,18.84375,20.25,30.46875,15.3125,23.9375,14.625,14.59375,7.46875,4.8125,22.46875,25,69.21875,39.25,44.8478376935398,66.4615384615385,35.6550580431177,2279,2543,1.11584028082492,2215,0.971917507678806,50.5872931126535,55.2345786272806,78.125,71.21875,"Xavier",6,32,80.03125,27.59375,59.15625,6.96875,18.75,17.875,25.0625,12.5,27.59375,14.3125,13.21875,6.78125,3.8125,18.78125,24,69.0625,40.09375,46.6455361859482,71.3216957605985,37.1666666666667,2268.88,2561,1.12875074926836,2210,0.974048869927012,52.5356576862124,57.0155128501968,75,70.9025,1
2010,"Kentucky",1,34,79.2352941176,28,58.4705882353,5.97058823529,17.5,17.2647058824,25.4411764706,14.2941176471,27.0588235294,14.7058823529,14.5,7.26470588235,7.23529411765,16.2352941176,32,65.2647058824,41.3529411765,47.8873239436572,67.8612716764542,34.1176470588,2375.59999999898,2693.9999999984,1.13402929786141,2219.0000000016,0.934079811417139,52.99295774647,56.8690365616392,94.1176470588235,69.870588235264,"Cornell",12,29,75.1724137931,26.7586206897,56.1034482759,9.79310344828,22.3793103448,11.8620689655,16.2068965517,10.275862069,23.1724137931,16.2413793103,12.2413793103,7.13793103448,3.62068965517,18.2413793103,25,64.5517241379,33.4482758621,47.6951444376629,73.1914893617047,43.7596302003806,1890.79999999849,2179.9999999999,1.15295113179693,2194.7586206886,1.16075662190097,56.4228641672243,59.4394154215007,86.2068965517241,65.199999999948,1
2010,"West Virginia",2,33,72.9696969697,25.2727272727,58.2424242424,6.93939393939,20.6666666667,15.4848484848,22.2424242424,15.5757575758,22.7575757576,15.696969697,11.7272727273,5.60606060606,4,18.3333333333,27,63.7878787879,38.3333333334,43.3922996877964,69.6185286102121,33.5777126098975,2117.95999999835,2408.0000000001,1.13694309618783,2105.0000000007,0.993880904267475,49.3496357960161,53.6312451001652,81.8181818181818,64.180606060556,"Washington",11,33,79.7878787879,27.8787878788,61.6666666667,5.18181818182,15.9393939394,18.8484848485,25.9090909091,13.5151515152,24.8787878788,14,12.7878787879,7.27272727273,3.93939393939,21.6060606061,24,69.9393939394,38.393939394,45.2088452088404,72.7485380117289,32.5095057034211,2387.20000000033,2633.0000000007,1.10296581769451,2308.0000000002,0.966823056300217,49.4103194103138,54.5993696084803,72.7272727272727,72.339393939404,1
2010,"Baylor",3,31,76.7096774194,27.1612903226,56.1612903226,7.03225806452,18.2258064516,15.3548387097,20.935483871,12.1935483871,26.4516129032,13.6451612903,14,6.38709677419,6.93548387097,18.064516129,24,66.5483870968,38.6451612903,48.3630097645209,73.3436055469902,38.5840707965087,2082.56000000094,2378.0000000014,1.14186385986494,2063.0000000008,0.990607713583219,54.6237794371242,58.6708510974306,77.4193548387097,67.17935483874,"St Mary's CA",10,30,78.8,28.0333333333,58,8.5,20.6666666667,14.2333333333,18.6,10.8333333333,25.8333333333,16.4,11.4666666667,5.16666666667,5.26666666667,16.8333333333,25,66.2666666667,36.6666666666,48.3333333332759,76.5232974908602,41.1290322579982,2004.520000002,2364,1.17933470356876,2054.2666666677,1.02481724635606,55.6609195401724,59.53100447238,83.3333333333333,66.8173333334,1
2010,"Duke",1,34,77.9705882353,26.5,60.2058823529,7.55882352941,19.7647058824,17.4117647059,22.8235294118,14.6176470588,24.4411764706,13.9411764706,11.1176470588,6.94117647059,4.20588235294,18.5294117647,29,61.7058823529,39.0588235294,44.0156326331517,76.2886597937738,38.2440476189476,2269.43999999913,2651.0000000002,1.16812958262885,2097.9999999986,0.924457134799513,50.2931118710637,55.4964746864306,85.2941176470588,66.748235294092,"Purdue",4,32,71.09375,24.8125,55.65625,5.375,16.84375,16.09375,22.15625,10.40625,22.90625,14.03125,10.875,6.90625,4.46875,18.6875,27,60.90625,33.3125,44.5816956765862,72.6375176304654,31.9109461966605,2107.96,2275,1.07924249036984,2070.8125,0.982377511907247,49.4104435710275,54.3488647656907,84.375,65.87375,1
2010,"Michigan St",5,32,72.625,26.90625,56.84375,4.78125,14.34375,14.03125,20.59375,13.53125,25.5,16.6875,14.03125,6.71875,3.09375,17.65625,24,63.6875,39.03125,47.3336998350742,68.133535660091,33.3333333333333,2124.96,2324,1.09366764550862,2038,0.959076876741209,51.5393073117097,55.0982474774296,75,66.405,"Northern Iowa",9,32,63.3125,21.5,49.90625,6.59375,18.6875,13.71875,18.1875,9.53125,22.9375,10.65625,10.53125,5.5,2,15.96875,28,54.28125,32.46875,43.0807764558547,75.4295532646048,35.2842809364548,1885.08,2026,1.07475544804465,1737,0.921446304666115,49.6869129618034,54.6657456774667,87.5,58.90875,1
2010,"Ohio St",2,34,74.2352941176,26.8235294118,54.0588235294,7.32352941176,18.8823529412,13.2647058824,19.2941176471,9.08823529412,24.3823529412,14.7058823529,11.3235294118,7.14705882353,4.08823529412,15.2941176471,27,61.2058823529,33.47058823532,49.6191512514363,68.7500000000972,38.7850467288987,2202.64000000134,2523.9999999984,1.14589765009119,2019.7941176457,0.916987849873095,56.3928182808131,59.3424368957168,79.4117647058823,64.783529411804,"Tennessee",6,33,73.6363636364,26.7575757576,59.1212121212,5.87878787879,18.7575757576,14.2424242424,21.303030303,11.7272727273,25,14.3333333333,13.2424242424,8.09090909091,3.75757575758,19.9090909091,25,64.9393939394,36.7272727273,45.2588416197325,66.8563300142061,31.3408723747689,2310.31999999746,2430.0000000012,1.0518023477284,2143.0000000002,0.927577132173273,50.2306509482848,53.7534508388658,75.7575757575758,70.00969696962,0
2011,"Duke",1,34,81.0588235294,28.1176470588,59.9705882353,8,21.3235294118,16.8235294118,22.4411764706,12.2941176471,25.9705882353,14.4117647059,12.2352941176,7.47058823529,4.41176470588,17.8823529412,30,64.2647058824,38.2647058824,46.8857282981416,74.9672346003801,37.5172413792482,2372.71999999738,2755.9999999996,1.16153612731492,2185.0000000016,0.920884048688432,53.5556645413974,58.0278938148321,88.2352941176471,69.785882352864,"Arizona",5,34,76.5294117647,25.4117647059,54,7.94117647059,19.8823529412,17.7647058824,23.7941176471,10.4117647059,24.1764705882,14.0882352941,12.8529411765,5.02941176471,2.64705882353,18.6176470588,27,67.4705882353,34.5882352941,47.0588235294444,74.6600741657052,39.9408284023285,2274.96000000102,2601.9999999998,1.14375637373784,2294.0000000002,1.00836937792277,54.4117647059167,59.3532728699216,79.4117647058823,66.910588235324,0
2011,"Wisconsin",4,31,68.1935483871,23.8709677419,53.6129032258,8.06451612903,21.7096774194,12.3870967742,15.0322580645,10.5483870968,21.5161290323,13.1612903226,7.38709677419,3.45161290323,3.16129032258,15.064516129,23,58.3225806452,32.0645161291,44.5246690733447,82.4034334765262,37.1471025259153,1769.03999999867,2114.0000000001,1.19499841722159,1808.0000000012,1.02202324424691,52.0457280384458,56.6136772645625,74.1935483870968,57.06580645157,"Butler",8,31,72.4838709677,24.7096774194,55.8064516129,7.45161290323,20.5806451613,15.6129032258,21.4516129032,10.8709677419,24.064516129,12.4193548387,11.2903225806,5.93548387097,1.51612903226,19.1612903226,22,65,34.9354838709,44.2774566474823,72.7819548872755,36.2068965517275,2035.59999999925,2246.9999999987,1.10385144429138,2015,0.989880133621902,50.9537572255212,55.5473153366756,70.9677419354839,65.664516129008,0
2011,"San Diego St",2,32,71.03125,26.09375,57,5.78125,17.21875,13.0625,18.65625,12.59375,24.6875,13.21875,11.03125,6.1875,4.71875,15.1875,30,58.90625,37.28125,45.7785087719298,70.0167504187605,33.5753176043557,2036.68,2273,1.1160319736041,2061.71875,1.01229390478622,50.8497807017544,54.464508214005,93.75,63.64625,"Connecticut",3,35,73.4,26,60.0571428571,5.82857142857,17.5714285714,15.5714285714,20.6285714286,14.4285714286,25.1428571429,13.1142857143,11.7428571429,6.62857142857,5.62857142857,16.0285714286,26,66.3714285714,39.5714285715,43.2921027593078,75.4847645426932,33.1707317073629,2325.67999999944,2569,1.10462316397811,2322.999999999,0.998847648859499,48.1446241674927,53.085531971193,74.2857142857143,66.447999999984,0
2011,"Florida",2,33,71.5454545455,25.9393939394,56.1818181818,6.21212121212,17.4545454545,13.4545454545,20.1818181818,13.0909090909,24.4242424242,13.7272727273,12.4242424242,5.87878787879,3.54545454545,14.4242424242,26,63.0606060606,37.5151515151,46.1704422869729,66.6666666665015,35.5902777778635,2125.03999999804,2361.0000000015,1.11103790987637,2080.9999999998,0.979275684223226,51.69902912624,54.9826738207591,78.7878787878788,64.395151515092,"BYU",3,33,81.2727272727,27.5454545455,61.0909090909,8.18181818182,22.6666666667,18,23.8181818182,11.4545454545,27,14.2727272727,11,7.9696969697,4.18181818182,17.6060606061,29,67.8484848485,38.4545454545,45.0892857143668,75.5725190839118,36.0962566844469,2346.84000000146,2681.9999999991,1.14281331492451,2239.0000000005,0.954048848664205,51.7857142857979,56.7777664871274,87.8787878787879,71.116363636408,1
2011,"Kansas",1,34,82.3823529412,29.5882352941,57.6176470588,7.26470588235,18.7647058824,15.9411764706,23.4117647059,11.6764705882,26.8823529412,17.8823529412,13.4705882353,7.94117647059,4.14705882353,17.8823529412,32,65.2352941176,38.5588235294,51.3527309851869,68.0904522613055,38.714733542207,2370.24000000086,2801.0000000008,1.18173687052779,2217.9999999984,0.935770217360939,57.6569678407254,60.6476589700821,94.1176470588235,69.712941176496,"Richmond",12,34,70.1764705882,24.9411764706,53.8529411765,7.85294117647,19.6470588235,12.4411764706,18,9.05882352941,24.1176470588,14.9705882353,10.6764705882,6.11764705882,4.11764705882,16.0882352941,27,61,33.17647058821,46.3134898962281,69.1176470588889,39.9700598802964,2155.27999999986,2385.9999999988,1.10704873612661,2074,0.96228796258497,53.60458765701,56.801950216106,79.4117647058823,63.39058823529,1
2011,"Ohio St",1,34,77.0882352941,27.4411764706,55.5882352941,7.38235294118,17.8823529412,14.8235294118,21.0294117647,11.2058823529,23.2941176471,15.6176470588,10.1764705882,7.17647058824,3.32352941176,14.2647058824,32,59.8235294118,34.5,49.3650793651162,70.489510489698,41.2828947368075,2169.59999999951,2620.9999999994,1.20805678466076,1974.1764705894,0.909926470588977,56.0052910053331,59.4438900480862,94.1176470588235,63.811764705868,"Kentucky",4,33,76.4242424242,26.7878787879,58.1818181818,7.36363636364,18.5454545455,15.4848484848,21.5757575758,12.0909090909,26,12.696969697,10.6666666667,5.48484848485,6.27272727273,16.0909090909,25,63.8484848485,38.0909090909,46.0416666667175,71.7696629209825,39.7058823528635,2186.28000000142,2521.9999999986,1.15355764128884,2107.0000000005,0.963737490165549,52.3697916667226,56.4640349619972,75.7575757575758,66.250909090952,0
2011,"North Carolina",2,33,76.6666666667,27.9090909091,62.0909090909,5.24242424242,15.7272727273,15.6060606061,23.5454545455,14.1818181818,28.3333333333,15.3333333333,13.5151515152,6.12121212121,5.33333333333,16.2424242424,26,67.7575757576,42.5151515151,44.9487554905044,66.2805662806056,33.3333333332486,2368.88000000256,2530.0000000011,1.06801526459693,2236.0000000008,0.943905980884799,49.1703269887934,52.9093890115924,78.7878787878788,71.78424242432,"Marquette",11,34,76.0882352941,26.6176470588,56.9117647059,5.26470588235,14.9411764706,17.5882352941,25.4411764706,12.4117647059,23.7941176471,15.8235294118,11.9705882353,7.17647058824,3.61764705882,16.8823529412,20,69.0588235294,36.205882353,46.7700258397374,69.1329479767773,35.2362204723935,2300.60000000038,2586.9999999994,1.1244892636699,2278.9411764702,0.990585576140932,51.3953488371494,55.8602522024213,58.8235294117647,67.664705882364,1
2011,"Florida St",10,31,69.3225806452,24.4838709677,56.1612903226,6.1935483871,18.7419354839,14.1612903226,21.3548387097,12.4516129032,26.5806451613,12.4838709677,16.1290322581,8.77419354839,5.74193548387,19.2580645161,21,62.2580645161,39.0322580645,43.5956346926156,66.3141993957909,33.0464716006545,2146.28000000281,2149.0000000012,1.00126730901764,2116.7741935474,0.986252582861803,49.1097070648165,52.8716515440845,67.741935483871,69.234838709768,"VA Commonwealth",11,34,71.5294117647,24.2647058824,55.7647058824,8.17647058824,22.7647058824,14.8235294118,20.6176470588,10.9117647059,21.0882352941,14.2058823529,11.5588235294,8.52941176471,3.67647058824,18.2352941176,23,67.4411764706,32,43.5126582278958,71.8972895865585,35.9173126614451,2226.44000000025,2431.9999999998,1.09232676380209,2293.0000000004,1.02989525879887,50.8438818565858,55.161401535048,67.6470588235294,65.483529411772,0
2012,"Marquette",3,32,75.9375,26.5,57.71875,5.6875,16.875,17.25,23.9375,11.8125,24,16.84375,13.25,8.8125,3.5,17.875,25,66.21875,35.8125,45.9122902003249,72.0626631853786,33.7037037037037,2230.04,2430,1.08966655306631,2185.21875,0.979901145270937,50.8391987005956,55.6308492518452,78.125,69.68875,"Florida",7,33,76.2727272727,26.4242424242,57.3636363636,9.93939393939,25.4848484848,13.4848484848,18.9393939394,11.4545454545,23.696969697,15,10.9090909091,6.48484848485,3.27272727273,15.8484848485,23,66.0303030303,35.1515151515,46.0644479661465,71.1999999997212,39.0011890607008,2150.00000000069,2516.9999999991,1.17069767441781,2178.9999999999,1.01348837209265,54.7279450607074,58.0488929889389,69.6969696969697,65.151515151536,0
2012,"Michigan St",1,34,72.1470588235,25.9117647059,54.3823529412,5.52941176471,15.1470588235,14.7941176471,21.2058823529,11.7352941176,26.2647058824,15.3235294118,13,7.32352941176,4.38235294118,17.6176470588,27,59.1176470588,38,47.647376960531,69.7642163664877,36.5048543690301,2209.24000000178,2452.999999999,1.11033658633603,2069.117647058,0.936574408871978,52.7312060573417,56.6188418642162,79.4117647058823,64.977647058876,"Louisville",4,35,68.8285714286,24.2285714286,57.0571428571,5.88571428571,18.9428571429,14.4857142857,21.1142857143,13.1428571429,25.0857142857,13.7714285714,14.6571428571,9.11428571429,4.85714285714,17.8571428571,26,61.1714285714,38.2285714286,42.4636955433969,68.6062246277614,31.0708898943264,2375.15999999572,2409.000000001,1.01424746122591,2140.999999999,0.90141295744407,47.6214321483044,51.8698108657958,74.2857142857143,67.861714285592,0
2012,"Ohio St",2,34,74.7647058824,27.5882352941,57.1176470588,4.85294117647,14.8823529412,14.7352941176,21.1176470588,11.8823529412,25.0588235294,14.9705882353,11.6176470588,7.20588235294,3,16.0588235294,27,59.0588235294,36.9411764706,48.3007209062712,69.7771587742282,32.6086956521184,2248.91999999725,2542.0000000016,1.13032033153901,2007.9999999996,0.892873023496637,52.548918640567,56.2907454649168,79.4117647058823,66.144705882272,"Cincinnati",6,34,68.5,25.0588235294,59.6764705882,7.14705882353,20.8529411765,11.2352941176,17.5294117647,13.5,22.7058823529,12.9705882353,10.5882352941,8.11764705882,4.58823529412,15.1470588235,24,61.1764705882,36.2058823529,41.9911286348006,64.0939597312967,34.2736248236498,2192.23999999811,2329,1.06238368061983,2079.9999999988,0.948801226143393,47.9793001478653,50.8240079607834,70.5882352941177,64.477647058768,1
2012,"Syracuse",1,33,74.5757575758,27.5757575758,59.2121212121,6.39393939394,18.5151515152,13.0303030303,18.8484848485,12.7272727273,22.6060606061,15.8181818182,10.5454545455,9.60606060606,7.09090909091,15.1212121212,31,60.3939393939,35.3333333334,46.5711361311016,69.131832797356,34.533551554741,2155.68000000012,2461.0000000014,1.14163512209663,1992.9999999987,0.924534253691916,51.9703172979413,55.2368383251169,93.9393939393939,65.32363636364,"Wisconsin",4,33,63.8787878788,22.1212121212,52.2121212121,7.60606060606,21.0909090909,12.0303030303,16.2424242424,9.69696969697,24.0909090909,11.6666666667,8.9696969697,5.21212121212,3.48484848485,14.2121212121,24,52.8787878788,33.78787878787,42.3679628554786,74.0671641791964,36.0632183908173,1934.83999999904,2108.0000000004,1.08949577226099,1745.0000000004,0.901883359865037,49.6517701683075,53.8073553736276,72.7272727272727,58.631515151486,1
2012,"Baylor",3,33,74.2727272727,26.0909090909,56,6.72727272727,17.8484848485,15.3636363636,20.4242424242,12.1212121212,23.9090909091,14.7272727273,13.8484848485,7.63636363636,4.63636363636,17.6363636364,26,65.2727272727,36.0303030303,46.5909090908929,75.2225519287616,37.6910016977456,2201.56000000028,2450.9999999991,1.11330147713384,2153.9999999991,0.978397136575348,52.5974025973839,57.1445890998574,78.7878787878788,66.713939393948,"Xavier",10,33,70.7878787879,25.1212121212,55.4848484848,4.87878787879,13.9696969697,15.6666666667,22.6363636364,10.8484848485,25.5757575758,13.3939393939,12.7272727273,6.09090909091,3.75757575758,18.8484848485,21,67.4545454545,36.4242424243,45.2758055707441,69.2101740294872,34.9240780911139,2221.67999999933,2336.0000000007,1.05145655540015,2225.9999999985,1.00194447445139,49.6723102130218,54.0820862350408,63.6363636363636,67.323636363616,1
2012,"Kansas",2,33,75.0303030303,26.6666666667,54.9393939394,6,16.7575757576,15.696969697,22.5454545455,11.1212121212,25.7878787879,15.6060606061,13.2727272727,7.39393939394,5.63636363636,17.6363636364,27,61.9393939394,36.9090909091,48.5383342526753,69.6236559139725,35.8047016274346,2211.36000000036,2475.9999999999,1.11967296143527,2044.0000000002,0.924318066710019,53.9988968560944,57.8407370722426,81.8181818181818,67.01090909092,"NC State",11,34,73.3823529412,26.6764705882,57.6470588235,5.35294117647,15.0588235294,14.6764705882,20.7352941176,12.1470588235,25.0294117647,15.9705882353,12.8235294118,6.91176470588,4.05882352941,17.0294117647,22,68.0294117647,37.1764705882,46.275510204044,70.7801418439621,35.5468750000239,2293.2000000005,2495.0000000008,1.08799930228513,2244.9705882351,0.978968510480819,50.918367346903,54.9511056295188,64.7058823529412,67.447058823544,1
2012,"Kentucky",1,34,76.6764705882,27.3235294118,56.5882352941,5.73529411765,15.4411764706,16.2941176471,22.6176470588,12.5,26.6176470588,13.2352941176,11.3529411765,6.32352941176,8.79411764706,14.5588235294,32,59,39.1176470588,48.2848232849007,72.0416124840021,37.1428571428479,2223.36000000005,2606.9999999988,1.17254965457629,2006,0.902238054116273,53.3523908524725,57.6168249085004,94.1176470588235,65.392941176472,"Indiana",4,33,77.2727272727,25.9696969697,53.303030303,6.39393939394,14.7575757576,18.9393939394,24.8484848485,10.7878787879,24.1212121212,13.4242424242,12.7575757576,6.42424242424,3.36363636364,17.5757575758,25,65.5454545455,34.9090909091,48.7208641273785,76.2195121950999,43.3264887062984,2184.79999999932,2549.9999999991,1.16715488831925,2228.545454547,1.02002263573219,54.7185901080533,60.147183696576,75.7575757575758,66.20606060604,1
2012,"North Carolina",1,34,81.9705882353,30,65.1176470588,5.05882352941,14.9117647059,16.9117647059,24.7941176471,15.6764705882,29.3823529412,17.4411764706,11.7647058824,6.82352941176,5.58823529412,14.7941176471,29,66.8529411765,45.0588235294,46.0704607046237,68.2087781731489,33.9250493096127,2451.92000000262,2787.0000000002,1.13666024992546,2273.000000001,0.927028614309837,49.9548328816788,53.9088250313433,85.2941176470588,72.115294117724,"Ohio",13,33,70.2121212121,24.3636363636,57.0909090909,7.24242424242,21.7272727273,14.2424242424,20.9090909091,12.696969697,21.5454545455,12.9393939394,13.2121212121,9.45454545455,2.69696969697,19.7575757576,26,62.6666666667,34.2424242425,42.6751592356119,68.1159420288399,33.333333333272,2204.59999999813,2316.9999999993,1.05098430554353,2130.6666666678,0.9664640599971,49.0180467090699,52.9575790820872,78.7878787878788,66.806060606004,1
2013,"Miami FL",2,33,69.9090909091,25.0606060606,54.4848484848,6.81818181818,19.0303030303,12.9696969697,19.1515151515,10.0303030303,25.7272727273,11.2727272727,10.9090909091,6.33333333333,4.54545454545,14.7272727273,27,60.6666666667,35.7575757576,45.9955506118207,67.7215189874112,35.8280254777032,2105.07999999858,2307.0000000003,1.0959203450709,1880.6666666677,0.893394391979862,52.2525027809013,55.5614427190263,81.8181818181818,63.79030303026,"Marquette",3,31,69,24.5161290323,52.5483870968,4.25806451613,14.1612903226,15.7096774194,21.7419354839,11.5161290323,23.4516129032,14.3548387097,13.6129032258,6.74193548387,3.41935483871,16.9677419355,23,62.7419354839,34.9677419355,46.6543891958826,72.2551928784495,30.0683371298063,1990.5599999997,2139,1.07457197974456,1945.0000000009,0.97711196849188,50.7059545734137,55.5422838031189,74.1935483870968,64.211612903216,0
2013,"Ohio St",2,33,69.303030303,25.0909090909,55.2727272727,6.0303030303,17.1818181818,13.0909090909,18.8787878788,10.6666666667,24.8181818182,13.3333333333,10.6060606061,6.78787878788,4.30303030303,15.5454545455,26,57.9393939394,35.4848484849,45.3947368421112,69.3418940609025,35.0970017636879,2096.11999999948,2286.999999999,1.09106348873136,1912.0000000002,0.912161517470697,50.8497807017603,54.5011724782136,78.7878787878788,63.518787878772,"Arizona",6,32,73.28125,25.03125,55.65625,7.65625,21.09375,15.5625,20.8125,11.53125,24.71875,13.84375,13.09375,6.9375,3.90625,16.34375,25,63.6875,36.25,44.9747332959012,74.7747747747748,36.2962962962963,2124.04,2345,1.10402817272744,2101.6875,0.989476422289599,51.8528916339135,56.5321787429365,78.125,66.37625,1
2013,"Indiana",1,33,80,26.8787878788,55.2727272727,7.30303030303,17.7575757576,18.9393939394,25.4242424242,12.4545454545,26.1515151515,14.5454545455,13,7.48484848485,3.72727272727,17.0909090909,27,62.4545454545,38.606060606,48.6293859649582,74.4934445770254,41.1262798634234,2211.15999999998,2640,1.19394345049658,2185.9090909075,0.988580243359827,55.235745614084,60.1871272502194,81.8181818181818,67.004848484848,"Syracuse",4,35,71.3428571429,25.6857142857,58.3714285714,6.05714285714,18.1142857143,13.9142857143,20.6,14.5428571429,24.2,14.5428571429,12.6285714286,8.88571428571,6.2,16.1714285714,26,60.0857142857,38.7428571429,44.0039158100803,67.5450762830097,33.4384858043743,2293.2399999985,2497.0000000015,1.08885245329888,2102.9999999995,0.917043135476826,49.1923641703349,52.897163000427,74.2857142857143,65.5211428571,0
2013,"Wichita St",9,34,69.4411764706,24.5882352941,55.5,6.58823529412,19.5588235294,13.6764705882,19.8823529412,13.1470588235,25.2941176471,13.7941176471,12.7941176471,7.47058823529,4.47058823529,17.7058823529,26,60.7058823529,38.4411764706,44.303126656036,68.7869822482618,33.6842105263481,2172.44000000275,2361.0000000004,1.08679641324843,2063.9999999986,0.950083776765289,50.2384737678559,54.0413103587194,76.4705882352941,63.895294117728,"La Salle",13,30,72.4333333333,25.7333333333,57.4,7.6,20.5,13.3666666667,18.1,10.1,21.6,14.3666666667,11.7,8.06666666667,3.56666666667,15.3,21,65.9666666667,31.7,44.8315911729965,73.8489871088398,37.0731707317073,2008.92,2172.999999999,1.08167572626038,2242.8666666678,1.1164539487226,51.45180023223,55.4076657895019,70,66.964,1
2013,"Duke",2,32,78.28125,27.34375,57.40625,7.75,19.09375,15.84375,21.65625,9.65625,24.15625,14.6875,10.71875,6.53125,3.78125,17.71875,27,65.40625,33.8125,47.632008709853,73.1601731601732,40.5891980360065,2175.92,2505,1.15123717783742,2093,0.961891981322843,54.3821448013065,58.4755733173975,84.375,67.9975,"Michigan St",3,32,67.5,24.375,52.9375,4.96875,14.4375,13.78125,19.40625,11.28125,25.1875,13.09375,13.15625,8.0625,3.8125,16,24,59.375,36.46875,46.0448642266824,71.0144927536232,34.4155844155844,2027.24,2160,1.06548805272193,1900,0.937234861190584,50.7378984651712,54.899249710254,75,63.35125,1
2013,"Florida",3,33,71.6363636364,26.2121212121,54.5151515152,8.39393939394,22.0606060606,10.8181818182,15.8787878788,10.5454545455,24.5151515152,14.8181818182,11.1212121212,6.9696969697,3.30303030303,14.1212121212,26,53.696969697,35.0606060607,48.0822679265442,68.1297709924289,38.0494505494637,2048.55999999988,2364.0000000012,1.15398133322985,1772.000000001,0.864997852150343,55.780989438489,58.2392242653366,78.7878787878788,62.077575757572,"FL Gulf Coast",15,32,72.34375,26.21875,57.5,6.625,20.03125,13.28125,19.8125,11.6875,24.75,13.71875,14.65625,8.8125,3.78125,17.59375,22,67.3125,36.4375,45.5978260869565,67.0347003154574,33.0733229329173,2213.96,2315,1.04563768089758,2221.3125,1.00332097237529,51.3586956521739,54.6258541926228,68.75,69.18625,1
2013,"Louisville",1,34,73.5588235294,25.8529411765,58.0588235294,5.82352941176,17.6176470588,16.0294117647,22.5294117647,13.6176470588,23.8823529412,15,12.6764705882,10.7352941176,4.23529411765,17.7352941176,29,57.9705882353,37.5,44.5288753799989,71.1488250652666,33.0550918197169,2279.03999999911,2500.9999999996,1.09739188430241,1971.0000000002,0.864837826453668,49.5440729483849,54.109837995018,85.2941176470588,67.030588235268,"Oregon",12,34,71.7352941176,25.4705882353,56.9705882353,5.02941176471,15.5882352941,15.7647058824,22.2058823529,12.2352941176,25.1764705882,13,14.9117647059,8.5,4,17.3823529412,26,63.6176470588,37.4117647058,44.7083118224115,70.9933774837873,32.2641509434592,2360.20000000178,2438.9999999984,1.03338700110014,2162.9999999992,0.916447758663488,49.1223541559201,53.7414066631158,76.4705882352941,69.417647058876,1
2013,"Kansas",1,34,75.3823529412,26.6176470588,55.4705882353,6.02941176471,16.4117647059,16.1176470588,22,10.9705882353,28.1470588235,15.6470588235,13.6764705882,7.17647058824,6.61764705882,16.9705882353,29,61.4705882353,39.1176470588,47.9851537645336,73.2620320854545,36.7383512544659,2307.1199999988,2563.0000000008,1.11090883872626,1967.0588235296,0.852603602556704,53.4199363732324,57.8523962584548,85.2941176470588,67.8564705882,"Michigan",4,32,74.375,27.65625,57.5625,7.34375,19.5625,11.71875,16.5,10.59375,24.3125,14.125,9.21875,6.03125,2.84375,13.0625,25,62.9375,34.90625,48.0456026058632,71.0227272727273,37.5399361022364,2030.32,2380,1.17222900823516,2014,0.991961858229245,54.4245385450597,57.3681977708357,78.125,63.4475,0
2014,"Arizona",1,34,73.0588235294,26.2352941176,56,5.29411764706,14.8529411765,15.2941176471,23.3529411765,12.5882352941,26.2941176471,15.0882352941,10.4411764706,5.88235294118,4.23529411765,16.4411764706,30,58.1470588235,38.8823529412,46.8487394957143,65.491183879187,35.643564356373,2180.36000000144,2483.9999999996,1.13926140637232,1976.999999999,0.906730998549641,51.5756302520179,55.1176909148808,88.2352941176471,64.12823529416,"San Diego St",4,31,68.3548387097,23.5483870968,55.3870967742,4.74193548387,13.9677419355,16.5161290323,24.8709677419,12.9032258065,23.9032258065,9.35483870968,9.77419354839,7.45161290323,4.96774193548,16.6451612903,27,57.8387096774,36.806451613,42.5160163075547,66.4072632946862,33.9491916858661,1959.23999999831,2119.0000000007,1.08154182234057,1966.5161290316,1.00371375075708,46.7967384974194,51.5260864490768,87.0967741935484,63.201290322526,1
2014,"Stanford",10,33,73.5151515152,25.2727272727,54.4242424242,5.90909090909,15.9393939394,17.0606060606,24.2727272727,9.66666666667,25.1818181818,11.7878787879,11.2424242424,5.09090909091,4.24242424242,18.0606060606,21,68.6363636364,34.84848484847,46.4365256124582,70.2871410737119,37.0722433459878,2200.43999999729,2426.0000000016,1.10250677137508,2265.0000000012,1.02933958662994,51.8652561247111,56.4595706653113,63.6363636363636,66.679999999918,"Dayton",11,33,73.3939393939,25.6666666667,55.0606060606,6.57575757576,17.3939393939,15.4848484848,22.7272727273,11.6363636364,23.6666666667,13.0606060606,12,5.81818181818,2.60606060606,20.0606060606,23,67.6363636364,35.3030303031,46.6152999450299,68.1333333330382,37.80487804888,2158.999999999,2421.9999999987,1.12181565539594,2232.0000000012,1.03381194997788,52.5866813429414,56.40428504887,69.6969696969697,65.424242424212,0
2014,"Florida",1,34,70.7352941176,24.3823529412,52.7647058824,6.85294117647,18.6176470588,15.1176470588,22.8823529412,11.6764705882,24,13.3529411765,11.3235294118,7.20588235294,2.85294117647,16.2058823529,32,57.9411764706,35.6764705882,46.2095875139387,66.0668380461017,36.8088467614968,2124.32000000435,2404.9999999984,1.13212698651497,1970.0000000004,0.927355577312441,52.7034559643226,56.2883837626433,94.1176470588235,62.480000000128,"UCLA",4,34,81.8235294118,29.0588235294,59.2941176471,6.38235294118,16.3235294118,17.3235294118,23.1176470588,10.0882352941,25.5588235294,17.2058823529,10.5294117647,9.38235294118,2.88235294118,17.7352941176,26,70.7647058824,35.6470588235,49.0079365078826,74.9363867686768,39.0990990990362,2376.84000000145,2782.0000000012,1.17046162131212,2406.0000000016,1.0122683899632,54.3898809523263,58.8947600176126,76.4705882352941,69.907058823572,1
2014,"Wisconsin",2,33,73.5454545455,24.2121212121,52.8787878788,7.75757575758,20.7878787879,17.3636363636,23.3333333333,8.78787878788,24.3939393939,12.1212121212,8.06060606061,5,3.51515151515,14.9393939394,26,64.5757575758,33.18181818178,45.7879656159952,74.4155844155349,37.3177842565421,2059.80000000001,2427.0000000015,1.17826973492645,2131.0000000014,1.03456646276405,53.1232091690062,58.2349553700355,78.7878787878788,62.418181818182,"Baylor",6,33,73.7878787879,25,55.7878787879,7.39393939394,19.2424242424,16.3939393939,24.3636363636,14.1818181818,24.0606060606,14.5151515152,11.7878787879,5.09090909091,5.66666666667,17.5454545455,22,68.3939393939,38.2424242424,44.8126018468053,67.2885572138691,38.4251968504453,2115.76000000147,2435.0000000007,1.15088667901794,2256.9999999987,1.06675615381571,51.4394350896062,55.4730357761329,66.6666666666667,64.113939393984,1
2014,"Iowa St",3,33,82.8787878788,29.2727272727,62.0909090909,8.30303030303,23.6666666667,16.0303030303,23.0909090909,10.2121212121,28.5757575758,18.5454545455,10.5454545455,6.0303030303,2.93939393939,17.4242424242,26,73.9090909091,38.7878787879,47.1449487554535,69.4225721784919,35.0832266324717,2395.28000000177,2735.0000000004,1.14182893022878,2512.9090909094,1.04910870165807,53.831137140032,57.3548408744127,78.7878787878788,72.584242424296,"Connecticut",7,34,71.8529411765,24.3823529412,54.3823529412,7.11764705882,18.3823529412,15.9705882353,21,10.0882352941,25.2941176471,12.5882352941,11.6764705882,6.97058823529,6.20588235294,18.2647058824,26,63.1176470588,35.3823529412,44.8350459708189,76.0504201680952,38.7199999999312,2217.1600000002,2443.000000001,1.10186003716501,2145.9999999992,0.967904887332897,51.3791238507479,56.4683148726885,76.4705882352941,65.2105882353,0
2014,"Louisville",4,34,82.1176470588,28.9117647059,61.0294117647,8.05882352941,21.7058823529,16.2352941176,24.6470588235,13.7058823529,24.1764705882,15.6764705882,10.2941176471,10.1176470588,4.61764705882,19.5,29,60.9705882353,37.8823529411,47.3734939759371,65.8711217182648,37.127371273775,2327.72000000216,2791.9999999992,1.19945697936032,2073.0000000002,0.890571030879262,53.9759036144905,57.1260209843994,85.2941176470588,68.46235294124,"Kentucky",8,34,75.9117647059,25.1764705882,55.7941176471,5.08823529412,15.6470588235,20.4705882353,30,14.6470588235,26.5,11.5,12.2058823529,4.76470588235,6.23529411765,19,24,66.6470588235,41.1470588235,45.1238798101301,68.2352941176667,32.5187969925574,2262.800000001,2581.0000000006,1.14062223793506,2265.999999999,1.0014141771248,49.6837111227277,55.0132151078323,70.5882352941177,66.5529411765,0
2014,"Michigan",2,33,74.3939393939,25.6060606061,53.8181818182,8.48484848485,21.5454545455,14.696969697,19.303030303,8.84848484848,22.9393939394,14.2121212121,9.39393939394,5.12121212121,2.51515151515,14.5454545455,25,65.3636363636,31.78787878788,47.578828828886,76.1381475669955,39.3811533051279,2074.28000000034,2454.9999999987,1.18354320535236,2156.9999999988,1.03987889773726,55.4617117117676,59.6951776994988,75.7575757575758,62.85696969698,"Tennessee",11,32,70.5,24.40625,55.15625,5.5625,16.875,16.125,22.78125,13.71875,25.03125,12.09375,10.875,5.1875,4.71875,17.1875,20,61.375,38.75,44.2492917847025,70.7818930041152,32.962962962963,1994.76,2256,1.13096312338326,2025.375,1.01534771100283,49.2917847025496,54.0810064436944,62.5,62.33625,1
2014,"Virginia",1,34,65.9411764706,23.0588235294,50.9705882353,5.5,15.0882352941,14.3235294118,21.5882352941,10.9117647059,24.6470588235,13.0882352941,10.2058823529,5.32352941176,3.97058823529,16.0588235294,28,55.2941176471,35.5588235294,45.2394691286503,66.3487738421796,36.4522417154422,2031.95999999794,2242.0000000004,1.10336817654023,1880.0000000014,0.925215063290276,50.6347374494806,54.5244070896435,82.3529411764706,59.763529411704,"Michigan St",4,34,75.9411764706,27.2647058824,57.4411764706,8.05882352941,20.5882352941,13.3529411765,19.2647058824,11.0588235294,26,17,11.4411764706,6.94117647059,4.82352941176,18.8823529412,26,65.3235294118,37.0588235294,47.4654377880906,69.31297709922,39.1428571428821,2254.2000000019,2582.0000000004,1.14541744299451,2221.0000000012,0.98527193682873,54.4802867384205,57.6030697840248,76.4705882352941,66.300000000056,0
2015,"Arizona",2,34,76.4411764706,26.7058823529,54.5588235294,5.05882352941,14.0588235294,17.9705882353,25.7058823529,10.8235294118,26.4117647059,14.2058823529,11.2058823529,7.17647058824,3.58823529412,17.9117647059,31,58.6176470588,37.2352941177,48.9487870619297,69.9084668193568,35.9832635983439,2252.55999999638,2599.0000000004,1.15379834499617,1992.9999999992,0.884771104877295,53.5849056603118,58.0247905838999,91.1764705882353,66.251764705776,"Xavier",6,34,73.5588235294,26.0294117647,55,6.29411764706,18.0294117647,15.2058823529,20.9705882353,10,24.8235294118,16.3823529412,12.0882352941,6.08823529412,2.85294117647,18.0588235294,21,67.6470588235,34.8235294118,47.3262032085455,72.5105189338647,34.9102773246509,2254.71999999949,2500.9999999996,1.1092286403634,2299.999999999,1.02008231620757,53.0481283422364,57.2646676313698,61.7647058823529,66.315294117632,1
2015,"Kentucky",1,34,74.9117647059,25.9705882353,55.4117647059,5.44117647059,15.5588235294,17.5294117647,24.2647058824,12.9117647059,25.2647058824,14.7058823529,10.6176470588,6.55882352941,6.88235294118,17.0294117647,34,53.9705882353,38.1764705883,46.8683651804628,72.2424242422599,34.9716446125142,2168.9999999999,2547.0000000006,1.17427385892149,1835.0000000002,0.846011987090955,51.7781316348153,56.6755674232114,100,63.794117647056,"West Virginia",5,32,73.9375,25.40625,61.71875,6.65625,20.90625,16.46875,24.9375,16.84375,19.9375,14.53125,13.0625,10.9375,2.84375,23.34375,23,66.84375,36.78125,41.1645569620253,66.0401002506266,31.8385650224215,2205.12,2366,1.07295748077202,2272.6875,1.03064118959512,46.5569620253165,50.8572214675081,71.875,68.91,1
2015,"Notre Dame",3,34,78.8235294118,27.7941176471,54.5,8.26470588235,21.0588235294,14.9705882353,20.2352941176,8.32352941176,24.4411764706,15.1176470588,9.38235294118,6.88235294118,3.55882352941,14.2058823529,29,65.6470588235,32.76470588236,50.9983810038532,73.982558139736,39.2458100558739,2191.71999999958,2680.0000000012,1.2227839322549,2231.999999999,1.01837825999646,58.5806799784862,62.1602063348226,85.2941176470588,64.462352941164,"Wichita St",7,31,68.5806451613,24.1612903226,54.4838709677,6.90322580645,19.2258064516,13.3548387097,19.3225806452,11.6129032258,23.2580645161,13.6451612903,9.35483870968,7.06451612903,3.77419354839,16.6129032258,27,55.7741935484,34.8709677419,44.345766725943,69.1151919866228,35.9060402684721,1882.55999999951,2126.0000000003,1.12931327554015,1896.3225806456,1.00731056680589,50.680876258214,54.4413487934082,87.0967741935484,60.727741935468,1
2015,"Wisconsin",1,34,71.8823529412,25.2941176471,52.7352941176,6.97058823529,19.5,14.3235294118,18.7647058824,9.47058823529,24.2058823529,12.7058823529,7.41176470588,4.52941176471,3.5,12.0294117647,31,56.1176470588,33.67647058819,47.9643056331382,76.3322884012506,35.7466063348205,2003.71999999916,2444.0000000008,1.21973129978331,1907.9999999992,0.952228854330943,54.5733407697827,58.9279169801578,91.1764705882353,58.932941176446,"North Carolina",4,35,77.9142857143,29.1142857143,61.2571428571,4.77142857143,13.8285714286,14.9142857143,21.3142857143,13.9428571429,27.0857142857,17.7428571429,12.6857142857,6.65714285714,4.4,19.2857142857,24,68.4,41.0285714286,47.5279850746834,69.9731903485456,34.504132231344,2428.23999999672,2727.0000000005,1.12303561427379,2325.6,0.957730702073577,51.4225746269261,55.1524123871855,68.5714285714286,69.378285714192,1
2015,"Duke",1,33,80.6060606061,28.6060606061,56.9696969697,7.57575757576,19.6363636364,15.8181818182,22.8787878788,12.1515151515,25.1818181818,15.5151515152,11.2424242424,7.18181818182,3.75757575758,16,29,65.5757575758,37.3333333333,50.2127659575133,69.1390728477249,38.5802469135212,2182.19999999998,2660.0000000013,1.21895334983106,2164.0000000014,0.991659792870233,56.8617021277278,60.1211463701512,87.8787878787879,66.127272727272,"Utah",5,31,71.6774193548,24.3548387097,50.7419354839,7.70967741935,19.1935483871,15.2580645161,21.7419354839,9.22580645161,25.5806451613,14.064516129,11.2258064516,5.8064516129,5.09677419355,16.9677419355,23,57.1935483871,34.80645161291,47.9974570883832,70.1780415427995,40.1680672268588,1931.56000000099,2221.9999999988,1.15036550767135,1887.3870967743,0.977130970186449,55.5944055944135,59.4257472345702,74.1935483870968,62.308387096806,1
2015,"Gonzaga",2,33,78.2121212121,28.2121212121,54.3636363636,7.12121212121,17.4545454545,14.6666666667,21.2727272727,10.1212121212,27.5454545455,16.2121212121,10.6060606061,6.06060606061,3.27272727273,17.1515151515,31,61.0909090909,37.6666666667,51.895206243028,68.945868946114,40.7986111112052,2118.8800000001,2580.9999999993,1.21809635278976,2015.9999999997,0.951446046968021,58.4448160535098,61.3682188237384,93.9393939393939,64.208484848488,"UCLA",11,33,72,25.7272727273,58.3939393939,6.21212121212,17.0909090909,14.3333333333,21.2121212121,12.303030303,25.6666666667,13.9090909091,11.8787878788,6.84848484848,3.72727272727,17.8787878788,20,68.0303030303,37.9696969697,44.0581214323546,67.571428571339,36.3475177305087,2220.99999999979,2376,1.06978838361109,2244.9999999999,1.01080594326885,49.3772703685273,53.1543624161456,60.6060606060606,67.303030303024,1
2015,"Louisville",4,32,69.21875,24.46875,57.09375,5.65625,18.59375,14.625,22.15625,12.90625,25.25,11.6875,11.8125,8.3125,5.5,17.71875,24,59.53125,38.15625,42.8571428571429,66.0084626234133,30.4201680672269,2103.96,2215,1.05277666875796,1905,0.905435464552558,47.8106185002737,51.7774993454763,75,65.74875,"NC State",8,33,70.3939393939,24.8484848485,56.8181818182,6.63636363636,18.3939393939,14.0606060606,20.5757575758,12.1212121212,25.7272727273,11.6060606061,10.5151515152,3.9696969697,5.30303030303,17.6363636364,20,65.4242424242,37.8484848485,43.733333333346,68.3357879232464,36.079077430041,2120.76000000322,2322.9999999987,1.09536204002111,2093.5757575744,0.987181839327046,49.5733333333409,53.4327616663615,60.6060606060606,64.265454545552,1
2015,"Oklahoma",3,32,71.9375,25.5625,58.5625,6.75,19.65625,14.0625,19.125,10.96875,27.125,12.5,12.125,6.90625,5.03125,16.40625,22,62.75,38.09375,43.649946638207,73.5294117647059,34.3402225755167,2180.28,2302,1.05582769185609,2133.5,0.978544040215018,49.4130202774813,53.7027359934306,68.75,68.13375,"Michigan St",7,34,71.8823529412,26.5,56.2352941176,7.52941176471,19.5,11.3529411765,17.9411764706,11.4705882353,26.2058823529,17.1176470588,11.6176470588,5.32352941176,4.55882352941,18.5588235294,23,63.4117647059,37.6764705882,47.1234309623825,63.2786885247126,38.6123680241538,2185.39999999758,2444.0000000008,1.1183307403695,2156.0000000006,0.986547085203162,53.8179916318479,56.0447624289671,67.6470588235294,64.276470588164,0
